

/* Badge data */

INSERT INTO badge (bdg_id, bdg_name, bdg_desc) VALUES

  (1, 'ROLE_ADMIN', 'Lorem ipsum dolor.'),
  (2, 'ROLE_USER', 'Lorem ipsum dolor sit amet.');


/* User data */

INSERT INTO user (user_id, user_name, user_age, user_about_me, user_location, user_email, user_password, user_reputation) VALUES

  (1, 'Zahir Petersen', 76, 'in aliquet lobortis, nisi nibh lacinia orci, consectetuer euismod est arcu ac orci. Ut semper pretium neque. Morbi quis urna.', 'Heard Island and Mcdonald Islands', 'dolor.Quisque.tincidunt@tellusnon.edu', 3938233, 11),
  (2, 'Yoshio Campos', 42, 'et, euismod et, commodo at, libero. Morbi accumsan laoreet ipsum. Curabitur consequat,', 'Romania', 'non.enim@luctusfelispurus.edu', 9367992, 67),
  (3, 'Beau Cannon', 60, 'mauris eu elit. Nulla facilisi. Sed neque. Sed eget lacus. Mauris', 'Tanzania', 'ac.turpis@dignissimtemporarcu.net', 9871234, 14),
  (4, 'Ferdinand Dillard', 89, 'non, bibendum sed, est. Nunc laoreet lectus quis massa. Mauris vestibulum, neque sed dictum eleifend, nunc', 'Colombia', 'magnis.dis.parturient@anteMaecenasmi.org', 3752609, 43),
  (5, 'Stewart Reynolds', 71, 'sociosqu ad litora torquent per conubia nostra, per inceptos hymenaeos. Mauris ut quam vel', 'Palestine, State of', 'ac@Nuncsollicitudin.net', 719660, 22),
  (6, 'Hamish Flowers', 78, 'vulputate, lacus. Cras interdum. Nunc sollicitudin commodo ipsum. Suspendisse non leo. Vivamus nibh dolor, nonummy', 'Anguilla', 'ultrices.sit.amet@sed.com', 6358324, 138),
  (7, 'Branden Boyd', 75, 'Donec tincidunt. Donec vitae erat vel pede blandit congue. In scelerisque scelerisque dui. Suspendisse ac metus vitae', 'Monaco', 'Sed@ornaretortor.co.uk', 3026926, 53),
  (8, 'Kennan Whitney', 71, 'id ante dictum cursus. Nunc mauris elit, dictum eu, eleifend nec, malesuada ut, sem. Nulla', 'Taiwan', 'pede.sagittis.augue@Proinsedturpis.ca', 7685803, 55),
  (9, 'Fuller Morrow', 74, 'Aliquam rutrum lorem ac risus. Morbi metus. Vivamus euismod urna. Nullam lobortis quam a felis ullamcorper viverra. Maecenas iaculis aliquet', 'Chad', 'Nullam.nisl@et.net', 7802794, 60),
  (10, 'Henry Ayers', 46, 'neque. Nullam ut nisi a odio semper cursus. Integer mollis. Integer tincidunt aliquam arcu. Aliquam ultrices iaculis odio.', 'Cambodia', 'lobortis@sociisnatoque.ca', 3454713, 71),
  (11, 'Upton Barrera', 39, 'Donec at arcu. Vestibulum ante ipsum primis in faucibus orci luctus et ultrices posuere cubilia Curae, Donec tincidunt.', 'Lithuania', 'risus.at@tempusnonlacinia.com', 3421527, 16),
  (12, 'Mohammad Graham', 63, 'ullamcorper. Duis at lacus. Quisque purus sapien, gravida non, sollicitudin a, malesuada id, erat. Etiam vestibulum massa rutrum', 'Uzbekistan', 'dignissim.lacus@semegetmassa.co.uk', 1137176, 29),
  (13, 'Jarrod Chen', 59, 'non, lobortis quis, pede. Suspendisse dui. Fusce diam nunc, ullamcorper', 'Suriname', 'mi.fringilla.mi@ut.com', 622686, 20),
  (14, 'Steel Maynard', 84, 'Pellentesque ultricies dignissim lacus. Aliquam rutrum lorem ac risus. Morbi', 'United States Minor Outlying Islands', 'augue.Sed.molestie@nequesed.co.uk', 4001762, 40),
  (15, 'Gray Coffey', 39, 'nec, eleifend non, dapibus rutrum, justo. Praesent luctus. Curabitur egestas nunc sed libero. Proin sed turpis nec mauris blandit', 'Cocos (Keeling) Islands', 'nec.tellus.Nunc@necdiamDuis.org', 9826410, 28),
  (16, 'Wang Ortiz', 74, 'senectus et netus et malesuada fames ac turpis egestas. Fusce aliquet magna', 'Antarctica', 'Duis.sit@dolorFuscemi.net', 5903968, 132),
  (17, 'Hamilton Sosa', 70, 'aliquam, enim nec tempus scelerisque, lorem ipsum sodales purus, in molestie tortor nibh', 'Solomon Islands', 'sit.amet@ipsum.co.uk', 1618281, 129),
  (18, 'Melvin Kane', 85, 'et magnis dis parturient montes, nascetur ridiculus mus. Aenean eget magna. Suspendisse tristique neque venenatis lacus.', 'Fiji', 'ullamcorper.eu@etrisus.co.uk', 4853761, 62),
  (19, 'Fletcher Hurley', 64, 'dolor. Quisque tincidunt pede ac urna. Ut tincidunt vehicula risus. Nulla eget metus eu erat', 'Trinidad and Tobago', 'est.Nunc.laoreet@aliquamenim.net', 3510370, 143),
  (20, 'Philip Gillespie', 35, 'amet ultricies sem magna nec quam. Curabitur vel lectus. Cum sociis natoque penatibus et magnis dis parturient montes,', 'Faroe Islands', 'Duis.volutpat.nunc@est.co.uk', 9785970, 141),
  (21, 'Devin Carter', 34, 'auctor non, feugiat nec, diam. Duis mi enim, condimentum eget, volutpat', 'Cte DIvoire (Ivory Coast)', 'dapibus.id.blandit@euplacerateget.com', 883411, 10),
  (22, 'Tobias Clarke', 81, 'adipiscing lacus. Ut nec urna et arcu imperdiet ullamcorper. Duis at lacus. Quisque purus sapien, gravida', 'Bouvet Island', 'dui.Fusce.diam@accumsan.edu', 7524739, 120),
  (23, 'Clinton Luna', 73, 'et, rutrum eu, ultrices sit amet, risus. Donec nibh enim, gravida sit amet,', 'Palau', 'Nam.interdum.enim@amagna.com', 9118564, 44),
  (24, 'Caleb Moses', 90, 'In faucibus. Morbi vehicula. Pellentesque tincidunt tempus risus. Donec egestas. Duis ac arcu. Nunc', 'Belgium', 'Suspendisse.aliquet.sem@velturpisAliquam.ca', 1187738, 75),
  (25, 'Gregory Nixon', 73, 'vitae sodales nisi magna sed dui. Fusce aliquam, enim nec tempus scelerisque, lorem ipsum sodales purus, in', 'Norfolk Island', 'lectus.rutrum@Duiscursus.ca', 4991980, 96),
  (26, 'Jakeem Dyer', 24, 'ante ipsum primis in faucibus orci luctus et ultrices posuere', 'Cte DIvoire (Ivory Coast)', 'ac.tellus@dapibusligula.co.uk', 1891309, 100),
  (27, 'Dalton Franco', 74, 'at arcu. Vestibulum ante ipsum primis in faucibus orci luctus et ultrices posuere cubilia Curae, Donec tincidunt. Donec vitae erat', 'Anguilla', 'Cras.sed@mi.net', 6375635, 71),
  (28, 'Brock Long', 66, 'ipsum dolor sit amet, consectetuer adipiscing elit. Aliquam auctor, velit eget laoreet posuere, enim nisl elementum purus, accumsan', 'Mongolia', 'Cras@amet.org', 3597775, 88),
  (29, 'Wallace Brennan', 36, 'dolor sit amet, consectetuer adipiscing elit. Curabitur sed tortor. Integer aliquam adipiscing lacus. Ut nec urna et arcu imperdiet', 'Faroe Islands', 'at.velit.Cras@urna.co.uk', 939313, 64),
  (30, 'Hilel Padilla', 55, 'nascetur ridiculus mus. Aenean eget magna. Suspendisse tristique neque venenatis lacus. Etiam bibendum fermentum metus. Aenean sed pede', 'Bouvet Island', 'ut.molestie@mattisInteger.edu', 6752354, 129),
  (31, 'Octavius Pacheco', 85, 'odio semper cursus. Integer mollis. Integer tincidunt aliquam arcu. Aliquam ultrices iaculis', 'Burundi', 'ornare@liberoestcongue.org', 623302, 20),
  (32, 'Warren Welch', 54, 'Aliquam vulputate ullamcorper magna. Sed eu eros. Nam consequat dolor vitae dolor. Donec fringilla. Donec feugiat metus', 'Austria', 'blandit.congue@quisurna.edu', 5791673, 48),
  (33, 'Lamar Oliver', 28, 'semper, dui lectus rutrum urna, nec luctus felis purus ac tellus. Suspendisse sed dolor. Fusce mi', 'Iraq', 'ridiculus.mus@facilisiSed.ca', 5592449, 149),
  (34, 'Hamish Durham', 41, 'blandit at, nisi. Cum sociis natoque penatibus et magnis dis parturient montes, nascetur ridiculus', 'Mali', 'at.nisi@leoelementumsem.edu', 9614459, 123),
  (35, 'Kaseem Walter', 64, 'magna. Duis dignissim tempor arcu. Vestibulum ut eros non enim commodo hendrerit.', 'Taiwan', 'amet@tempusloremfringilla.edu', 4050964, 47),
  (36, 'Tyrone Dennis', 65, 'aliquam, enim nec tempus scelerisque, lorem ipsum sodales purus, in', 'Holy See (Vatican City State)', 'pellentesque.massa.lobortis@maurisSuspendissealiquet.co.uk', 5682751, 101),
  (37, 'Jared Patel', 22, 'molestie in, tempus eu, ligula. Aenean euismod mauris eu elit.', 'Guyana', 'senectus.et.netus@arcu.edu', 8761016, 78),
  (38, 'Finn Farrell', 20, 'pharetra sed, hendrerit a, arcu. Sed et libero. Proin mi. Aliquam gravida mauris ut mi.', 'Poland', 'commodo.hendrerit.Donec@sitametlorem.com', 1627032, 102),
  (39, 'Rahim Pickett', 31, 'lorem vitae odio sagittis semper. Nam tempor diam dictum sapien. Aenean massa. Integer', 'Tokelau', 'dolor.Quisque.tincidunt@mauris.com', 3436209, 103),
  (40, 'Mannix Roach', 20, 'ac turpis egestas. Fusce aliquet magna a neque. Nullam ut nisi a odio semper cursus. Integer mollis. Integer tincidunt', 'Bouvet Island', 'mauris.sagittis@nasceturridiculus.edu', 679664, 98),
  (41, 'Byron Ayala', 80, 'tincidunt tempus risus. Donec egestas. Duis ac arcu. Nunc mauris. Morbi non sapien molestie orci tincidunt', 'El Salvador', 'sed.turpis.nec@iaculislacus.edu', 2311750, 136),
  (42, 'Xanthus Lindsay', 75, 'ante dictum cursus. Nunc mauris elit, dictum eu, eleifend nec, malesuada ut,', 'Eritrea', 'Mauris.eu@necluctus.edu', 2309744, 119),
  (43, 'Cameron Atkins', 53, 'egestas a, scelerisque sed, sapien. Nunc pulvinar arcu et pede. Nunc sed orci lobortis augue', 'Korea, South', 'neque.Morbi@arcueuodio.com', 8908426, 131),
  (44, 'Bruce Farrell', 77, 'eget odio. Aliquam vulputate ullamcorper magna. Sed eu eros. Nam consequat dolor vitae dolor. Donec fringilla. Donec feugiat', 'Cocos (Keeling) Islands', 'natoque.penatibus.et@Nullamlobortis.co.uk', 1297762, 41),
  (45, 'Adrian Mccall', 46, 'et, euismod et, commodo at, libero. Morbi accumsan laoreet ipsum. Curabitur consequat, lectus sit amet luctus', 'Morocco', 'eu@accumsanconvallisante.com', 7822340, 51),
  (46, 'Richard Henson', 34, 'aliquet lobortis, nisi nibh lacinia orci, consectetuer euismod est arcu ac orci. Ut semper pretium', 'Eritrea', 'erat@Etiamvestibulummassa.org', 6778203, 18),
  (47, 'Marsden Atkins', 79, 'vel, vulputate eu, odio. Phasellus at augue id ante dictum cursus. Nunc mauris elit, dictum eu, eleifend nec, malesuada', 'Marshall Islands', 'dictum.Proin.eget@Cum.net', 9768779, 85),
  (48, 'Maxwell Mcintosh', 64, 'Suspendisse non leo. Vivamus nibh dolor, nonummy ac, feugiat non, lobortis', 'Croatia', 'dis.parturient.montes@Phasellusataugue.net', 4850427, 67),
  (49, 'Wayne Oneill', 50, 'nisi a odio semper cursus. Integer mollis. Integer tincidunt aliquam arcu. Aliquam ultrices iaculis odio. Nam interdum enim non nisi.', 'Moldova', 'malesuada.vel@aliquetmolestietellus.net', 6618428, 94),
  (50, 'Alfonso Nieves', 57, 'sed, hendrerit a, arcu. Sed et libero. Proin mi. Aliquam gravida mauris ut mi. Duis risus odio, auctor vitae,', 'Chad', 'vel@justoPraesentluctus.ca', 279631, 72),
  (51, 'Kane Rhodes', 45, 'adipiscing elit. Curabitur sed tortor. Integer aliquam adipiscing lacus. Ut nec urna', 'Greece', 'orci.tincidunt@dapibusrutrum.ca', 3136925, 31),
  (52, 'Jerome Conway', 80, 'vestibulum. Mauris magna. Duis dignissim tempor arcu. Vestibulum ut eros non enim commodo hendrerit. Donec', 'Saint Helena, Ascension and Tristan da Cunha', 'justo.nec.ante@etlibero.net', 73910, 11),
  (53, 'Tiger Mcmahon', 56, 'nunc id enim. Curabitur massa. Vestibulum accumsan neque et nunc. Quisque ornare tortor at risus. Nunc ac sem ut', 'Falkland Islands', 'sapien@rhoncusid.edu', 9053631, 128),
  (54, 'Peter Justice', 58, 'Donec elementum, lorem ut aliquam iaculis, lacus pede sagittis augue, eu tempor erat neque non quam. Pellentesque habitant', 'Mozambique', 'nunc.sed@euismodestarcu.ca', 7804385, 144),
  (55, 'Hop Garrett', 66, 'Aenean sed pede nec ante blandit viverra. Donec tempus, lorem', 'Nigeria', 'egestas.Fusce.aliquet@Cras.org', 5323700, 25),
  (56, 'Paki Levine', 89, 'in, dolor. Fusce feugiat. Lorem ipsum dolor sit amet, consectetuer adipiscing elit. Aliquam auctor, velit eget laoreet posuere, enim nisl', 'land Islands', 'et@Nuncut.co.uk', 8899819, 92),
  (57, 'Declan Gay', 61, 'imperdiet dictum magna. Ut tincidunt orci quis lectus. Nullam suscipit, est ac facilisis facilisis, magna', 'Cuba', 'orci.luctus.et@egestasa.edu', 4598264, 22),
  (58, 'Asher Petty', 66, 'dui lectus rutrum urna, nec luctus felis purus ac tellus. Suspendisse sed dolor. Fusce mi', 'Tonga', 'rutrum@Quisquelibero.ca', 1820263, 76),
  (59, 'Dennis Martin', 53, 'posuere cubilia Curae, Phasellus ornare. Fusce mollis. Duis sit amet diam eu dolor egestas rhoncus. Proin', 'San Marino', 'ut.odio.vel@Nuncullamcorper.com', 1121695, 61),
  (60, 'Stuart Baxter', 80, 'enim diam vel arcu. Curabitur ut odio vel est tempor', 'Nicaragua', 'lectus@magnaPraesent.co.uk', 8709139, 35),
  (61, 'Owen Vargas', 66, 'pede, nonummy ut, molestie in, tempus eu, ligula. Aenean euismod mauris eu elit. Nulla facilisi.', 'Estonia', 'non.enim.Mauris@orciin.net', 1876503, 22),
  (62, 'Aquila Wallace', 50, 'non, egestas a, dui. Cras pellentesque. Sed dictum. Proin eget odio.', 'Lebanon', 'Fusce.mollis.Duis@egetodio.org', 1795656, 38),
  (63, 'Grant Sanford', 22, 'id, mollis nec, cursus a, enim. Suspendisse aliquet, sem ut cursus luctus, ipsum leo elementum sem, vitae', 'Western Sahara', 'non.sapien.molestie@Nullaaliquet.edu', 4845962, 44),
  (64, 'Louis Summers', 39, 'eu tellus. Phasellus elit pede, malesuada vel, venenatis vel, faucibus id, libero. Donec consectetuer mauris id sapien.', 'Venezuela', 'elit.pharetra@estvitae.ca', 560828, 130),
  (65, 'Garrison English', 82, 'nulla. Donec non justo. Proin non massa non ante bibendum ullamcorper. Duis', 'French Polynesia', 'fames@ac.co.uk', 4975897, 50),
  (66, 'Nigel Buck', 69, 'ultricies dignissim lacus. Aliquam rutrum lorem ac risus. Morbi metus. Vivamus euismod urna. Nullam lobortis quam', 'Marshall Islands', 'nec.malesuada@ProindolorNulla.edu', 3704280, 150),
  (67, 'Jesse Boyle', 78, 'molestie. Sed id risus quis diam luctus lobortis. Class aptent taciti sociosqu ad litora', 'Montenegro', 'pede.Cras.vulputate@dis.org', 8058169, 140),
  (68, 'Paul Gillespie', 67, 'ipsum sodales purus, in molestie tortor nibh sit amet orci. Ut', 'Tanzania', 'dui.Fusce.diam@Loremipsum.ca', 4243572, 59),
  (69, 'Ian Keller', 72, 'Nam consequat dolor vitae dolor. Donec fringilla. Donec feugiat metus sit amet ante. Vivamus non lorem', 'Brazil', 'vitae.orci@pharetra.com', 9474243, 130),
  (70, 'Stuart Salazar', 65, 'tempus eu, ligula. Aenean euismod mauris eu elit. Nulla facilisi. Sed neque. Sed eget lacus.', 'Mongolia', 'iaculis.enim.sit@scelerisque.org', 7564545, 135),
  (71, 'Jakeem Bass', 78, 'orci luctus et ultrices posuere cubilia Curae, Phasellus ornare. Fusce', 'Cape Verde', 'ornare.elit@eulacus.co.uk', 9551469, 95),
  (72, 'Bernard Lang', 39, 'mauris ut mi. Duis risus odio, auctor vitae, aliquet nec, imperdiet nec, leo.', 'San Marino', 'ultricies.adipiscing@mattisvelitjusto.org', 7134121, 123),
  (73, 'Benjamin Jacobson', 82, 'aliquam, enim nec tempus scelerisque, lorem ipsum sodales purus, in molestie tortor nibh sit amet orci. Ut sagittis', 'Angola', 'convallis.ante@Cumsociisnatoque.co.uk', 2788858, 110),
  (74, 'Caldwell Harrington', 87, 'risus. Quisque libero lacus, varius et, euismod et, commodo at, libero. Morbi accumsan laoreet ipsum. Curabitur', 'Belgium', 'sapien.Aenean@feugiat.com', 2882890, 114),
  (75, 'Prescott Hoover', 39, 'ac sem ut dolor dapibus gravida. Aliquam tincidunt, nunc ac mattis ornare, lectus ante dictum', 'Nepal', 'odio.vel@Etiam.co.uk', 2188290, 95),
  (76, 'Matthew Livingston', 69, 'eu sem. Pellentesque ut ipsum ac mi eleifend egestas. Sed pharetra, felis eget', 'Heard Island and Mcdonald Islands', 'vitae.sodales.at@idblanditat.org', 2773156, 79),
  (77, 'Wyatt Wilkins', 86, 'at lacus. Quisque purus sapien, gravida non, sollicitudin a, malesuada id, erat. Etiam vestibulum massa rutrum magna. Cras convallis', 'Reunion', 'ut@elitAliquam.ca', 7060314, 67),
  (78, 'Kermit Wright', 89, 'molestie arcu. Sed eu nibh vulputate mauris sagittis placerat. Cras dictum ultricies ligula. Nullam enim.', 'Malawi', 'tempor.bibendum.Donec@ullamcorperviverraMaecenas.co.uk', 9250817, 83),
  (79, 'Kenneth Brooks', 84, 'Nullam velit dui, semper et, lacinia vitae, sodales at, velit. Pellentesque ultricies dignissim lacus. Aliquam rutrum lorem ac risus. Morbi', 'Jersey', 'sodales.elit@antedictumcursus.edu', 530823, 44),
  (80, 'Francis Petty', 51, 'mollis non, cursus non, egestas a, dui. Cras pellentesque. Sed dictum. Proin eget odio. Aliquam vulputate ullamcorper', 'Canada', 'laoreet.ipsum@luctus.co.uk', 6629180, 78),
  (81, 'Brent Levy', 81, 'neque vitae semper egestas, urna justo faucibus lectus, a sollicitudin orci sem', 'French Guiana', 'sociosqu@loremeumetus.edu', 9447215, 38),
  (82, 'Salvador Rivers', 71, 'Integer mollis. Integer tincidunt aliquam arcu. Aliquam ultrices iaculis odio. Nam interdum enim non nisi. Aenean', 'Bosnia and Herzegovina', 'orci@lorem.co.uk', 3631451, 27),
  (83, 'Rooney Vang', 31, 'posuere vulputate, lacus. Cras interdum. Nunc sollicitudin commodo ipsum. Suspendisse non leo. Vivamus nibh', 'South Georgia and The South Sandwich Islands', 'Etiam@euturpis.ca', 2702648, 103),
  (84, 'Rigel Phelps', 72, 'Quisque libero lacus, varius et, euismod et, commodo at, libero. Morbi accumsan', 'Bermuda', 'aliquet.libero@liberonec.net', 4919331, 33),
  (85, 'Cruz Brewer', 45, 'Integer eu lacus. Quisque imperdiet, erat nonummy ultricies ornare, elit elit fermentum risus, at fringilla purus mauris', 'Colombia', 'viverra.Maecenas.iaculis@augue.com', 8426902, 133),
  (86, 'Hiram Bartlett', 58, 'In faucibus. Morbi vehicula. Pellentesque tincidunt tempus risus. Donec egestas. Duis ac arcu. Nunc mauris. Morbi non sapien molestie', 'Cayman Islands', 'eget.metus.eu@quamquisdiam.net', 1021831, 31),
  (87, 'Daniel Hogan', 64, 'Morbi quis urna. Nunc quis arcu vel quam dignissim pharetra. Nam ac nulla. In tincidunt congue turpis. In', 'Aruba', 'Vestibulum.ante.ipsum@diam.net', 8753375, 65),
  (88, 'Roth Humphrey', 64, 'nibh. Aliquam ornare, libero at auctor ullamcorper, nisl arcu iaculis', 'Myanmar', 'imperdiet.dictum@dignissimtempor.ca', 9571219, 18),
  (89, 'Cairo Orr', 52, 'eu dui. Cum sociis natoque penatibus et magnis dis parturient montes,', 'Guinea-Bissau', 'dui@vestibulumloremsit.co.uk', 5253056, 38),
  (90, 'Warren Mullins', 37, 'sed tortor. Integer aliquam adipiscing lacus. Ut nec urna et', 'Czech Republic', 'in.aliquet.lobortis@consequat.edu', 8128933, 85),
  (91, 'Deacon Weeks', 80, 'at, nisi. Cum sociis natoque penatibus et magnis dis parturient montes, nascetur ridiculus mus. Proin vel nisl.', 'Czech Republic', 'pede.nec.ante@liberoDonec.co.uk', 9485663, 44),
  (92, 'Justin Ramirez', 59, 'adipiscing fringilla, porttitor vulputate, posuere vulputate, lacus. Cras interdum. Nunc sollicitudin commodo ipsum. Suspendisse non', 'Mauritius', 'Donec@auguescelerisque.ca', 919844, 109),
  (93, 'Emmanuel Nelson', 51, 'aliquam iaculis, lacus pede sagittis augue, eu tempor erat neque non quam. Pellentesque habitant', 'Switzerland', 'adipiscing.fringilla@idblandit.edu', 3525192, 120),
  (94, 'Baxter Morgan', 27, 'placerat. Cras dictum ultricies ligula. Nullam enim. Sed nulla ante, iaculis nec, eleifend non, dapibus rutrum, justo. Praesent luctus.', 'Czech Republic', 'mollis@nibhDonecest.org', 680576, 106),
  (95, 'Gregory Warren', 20, 'elit. Nulla facilisi. Sed neque. Sed eget lacus. Mauris non dui nec urna suscipit nonummy. Fusce fermentum fermentum arcu. Vestibulum', 'Tokelau', 'posuere.cubilia@turpisNulla.ca', 3249721, 74),
  (96, 'Price Schmidt', 62, 'Nulla semper tellus id nunc interdum feugiat. Sed nec metus facilisis lorem tristique', 'South Sudan', 'at.iaculis@sociisnatoque.ca', 8694505, 79),
  (97, 'Steel Mccullough', 36, 'Duis volutpat nunc sit amet metus. Aliquam erat volutpat. Nulla', 'United States Minor Outlying Islands', 'est.mollis@adipiscingelit.co.uk', 1820381, 137),
  (98, 'Abdul Wilkerson', 52, 'Cum sociis natoque penatibus et magnis dis parturient montes, nascetur ridiculus', 'Uruguay', 'eget.massa.Suspendisse@placeratCras.edu', 7555109, 14),
  (99, 'Alec Shields', 22, 'ligula. Nullam enim. Sed nulla ante, iaculis nec, eleifend non,', 'Indonesia', 'leo.in.lobortis@dolor.co.uk', 2824738, 131),
  (100, 'Trevor Mayer', 63, 'vitae, erat. Vivamus nisi. Mauris nulla. Integer urna. Vivamus molestie dapibus ligula. Aliquam erat volutpat. Nulla dignissim. Maecenas', 'Japan', 'nisi@ipsum.net', 5236867, 74);


/* User & Badge data */

INSERT INTO user_badge (ub_badge_id, ub_user_id) VALUES

  (1, 90), (1, 5), (1, 79), (2, 80), (1, 38), (1, 51), (1, 84), (1, 8), (2, 56), (1, 59), (1, 28), (1, 100), (1, 70), (1, 19), (1, 66), (2, 16), (1, 63), (1, 65), (1, 12), (1, 75),
  (1, 21), (2, 3), (1, 8), (1, 3), (1, 88), (1, 63), (1, 21), (2, 79), (1, 28), (2, 44), (1, 79), (2, 6), (2, 100), (1, 99), (2, 48), (1, 57), (1, 2), (1, 31), (2, 97), (2, 60), (2, 85),
  (1, 81), (2, 74), (2, 1), (2, 68), (2, 30), (2, 41), (2, 80), (2, 42), (1, 39), (2, 61), (1, 97), (2, 57), (2, 2), (1, 67), (2, 18), (1, 23), (1, 36), (1, 33), (2, 81), (1, 55), (1, 18),
  (1, 23), (2, 41), (2, 14), (2, 44), (2, 69), (2, 83), (2, 18), (1, 37), (1, 43), (2, 38), (2, 27), (2, 21), (2, 46), (1, 95), (1, 23), (1, 80), (2, 47), (2, 56), (2, 48), (2, 31), (1, 37),
  (2, 39), (1, 80), (2, 29), (2, 45), (1, 42), (1, 7), (1, 2), (2, 67), (1, 61), (1, 61), (1, 73), (1, 82), (2, 44), (1, 23), (2, 86), (2, 17), (2, 48);


/* UserActivity Data */


INSERT INTO user_activity (ua_id, ua_type, ua_user_id, ua_content) VALUES

  (1, 'QUESTION', 97, 'a, aliquet vel, vulputate eu, odio. Phasellus at augue id ante dictum cursus. Nunc mauris elit, dictum eu, eleifend nec, malesuada ut, sem.'),
  (2, 'QUESTION', 50, 'eleifend egestas. Sed pharetra, felis eget varius ultrices, mauris ipsum porta elit, a feugiat tellus lorem eu metus. In lorem.'),
  (3, 'QUESTION', 90, 'gravida non, sollicitudin a, malesuada id, erat. Etiam vestibulum massa rutrum magna. Cras convallis convallis dolor. Quisque tincidunt pede ac urna. Ut tincidunt vehicula risus. Nulla'),
  (4, 'QUESTION', 65, 'Integer eu lacus. Quisque imperdiet, erat nonummy ultricies ornare, elit elit fermentum risus, at fringilla purus mauris a nunc. In at pede. Cras vulputate velit eu'),
  (5, 'QUESTION', 2, 'blandit viverra. Donec tempus, lorem fringilla ornare placerat, orci lacus vestibulum lorem,'),
  (6, 'QUESTION', 4, 'nulla magna, malesuada vel, convallis in, cursus et, eros. Proin ultrices. Duis volutpat nunc sit amet metus. Aliquam erat volutpat. Nulla facilisis. Suspendisse commodo tincidunt nibh. Phasellus'),
  (7, 'QUESTION', 1, 'feugiat nec, diam. Duis mi enim, condimentum eget, volutpat ornare,'),
  (8, 'QUESTION', 29, 'eleifend. Cras sed leo. Cras vehicula aliquet libero. Integer in magna. Phasellus dolor elit, pellentesque a, facilisis non, bibendum sed, est. Nunc laoreet lectus quis massa. Mauris vestibulum, neque sed'),
  (9, 'QUESTION', 100, 'bibendum ullamcorper. Duis cursus, diam at pretium aliquet, metus urna convallis erat, eget tincidunt dui'),
  (10, 'QUESTION', 89, 'nec ante blandit viverra. Donec tempus, lorem fringilla ornare placerat, orci lacus vestibulum lorem, sit amet ultricies sem magna nec quam. Curabitur'),
  (11, 'QUESTION', 42, 'senectus et netus et malesuada fames ac turpis egestas. Fusce aliquet magna a neque. Nullam ut nisi a odio semper cursus. Integer'),
  (12, 'QUESTION', 5, 'Nam porttitor scelerisque neque. Nullam nisl. Maecenas malesuada fringilla est. Mauris eu turpis. Nulla aliquet. Proin velit. Sed malesuada augue ut lacus. Nulla'),
  (13, 'QUESTION', 20, 'faucibus lectus, a sollicitudin orci sem eget massa. Suspendisse eleifend. Cras sed leo. Cras vehicula aliquet libero. Integer in magna.'),
  (14, 'QUESTION', 7, 'ante bibendum ullamcorper. Duis cursus, diam at pretium aliquet, metus urna convallis erat, eget tincidunt dui augue eu tellus. Phasellus'),
  (15, 'QUESTION', 43, 'ut aliquam iaculis, lacus pede sagittis augue, eu tempor erat neque'),
  (16, 'QUESTION', 90, 'a nunc. In at pede. Cras vulputate velit eu sem. Pellentesque ut ipsum ac mi eleifend egestas. Sed'),
  (17, 'QUESTION', 36, 'Phasellus in felis. Nulla tempor augue ac ipsum. Phasellus vitae mauris sit amet lorem semper auctor. Mauris vel turpis. Aliquam adipiscing'),
  (18, 'QUESTION', 46, 'eu eros. Nam consequat dolor vitae dolor. Donec fringilla. Donec feugiat metus sit amet ante. Vivamus non lorem vitae odio sagittis semper. Nam tempor diam dictum sapien.'),
  (19, 'QUESTION', 86, 'ipsum primis in faucibus orci luctus et ultrices posuere cubilia Curae, Phasellus ornare. Fusce mollis. Duis sit amet diam eu dolor egestas rhoncus. Proin nisl sem, consequat nec,'),
  (20, 'QUESTION', 94, 'Sed auctor odio a purus. Duis elementum, dui quis accumsan convallis, ante lectus'),
  (21, 'COMMENT', 92, 'et ultrices posuere cubilia Curae, Donec tincidunt. Donec vitae erat'),
  (22, 'COMMENT', 58, 'eros non enim'),
  (23, 'COMMENT', 97, 'fames ac turpis egestas. Fusce aliquet magna a neque.'),
  (24, 'COMMENT', 99, 'ac risus. Morbi metus.'),
  (25, 'COMMENT', 58, 'Proin ultrices. Duis volutpat nunc'),
  (26, 'COMMENT', 32, 'et pede. Nunc'),
  (27, 'COMMENT', 95, 'magna et ipsum cursus vestibulum. Mauris'),
  (28, 'COMMENT', 7, 'arcu. Vestibulum ante ipsum primis'),
  (29, 'COMMENT', 44, 'semper, dui lectus rutrum urna, nec luctus felis'),
  (30, 'COMMENT', 49, 'erat vel pede blandit'),
  (31, 'COMMENT', 92, 'ac orci. Ut semper pretium neque. Morbi quis urna.'),
  (32, 'COMMENT', 90, 'eu eros. Nam consequat dolor vitae dolor. Donec fringilla.'),
  (33, 'COMMENT', 44, 'lorem, vehicula et, rutrum eu,'),
  (34, 'COMMENT', 36, 'tellus eu augue porttitor interdum. Sed'),
  (35, 'COMMENT', 10, 'ligula elit, pretium et, rutrum'),
  (36, 'COMMENT', 53, 'sit amet luctus vulputate, nisi sem semper erat, in'),
  (37, 'COMMENT', 81, 'orci luctus et ultrices posuere cubilia Curae, Donec tincidunt.'),
  (38, 'COMMENT', 15, 'Aenean eget magna.'),
  (39, 'COMMENT', 2, 'eget, dictum placerat, augue. Sed molestie. Sed id risus quis'),
  (40, 'COMMENT', 68, 'accumsan sed, facilisis'),
  (41, 'COMMENT', 33, 'Donec nibh enim, gravida sit'),
  (42, 'COMMENT', 86, 'magnis dis parturient montes, nascetur'),
  (43, 'COMMENT', 50, 'ultrices, mauris ipsum porta elit, a'),
  (44, 'COMMENT', 27, 'adipiscing ligula. Aenean'),
  (45, 'COMMENT', 93, 'lorem semper auctor. Mauris vel turpis. Aliquam'),
  (46, 'COMMENT', 54, 'primis in faucibus orci luctus et ultrices posuere cubilia'),
  (47, 'COMMENT', 47, 'et ultrices posuere'),
  (48, 'COMMENT', 14, 'Nullam feugiat placerat velit. Quisque varius. Nam'),
  (49, 'COMMENT', 50, 'Donec at arcu. Vestibulum ante ipsum primis in faucibus'),
  (50, 'COMMENT', 95, 'adipiscing elit. Etiam'),
  (51, 'COMMENT', 1, 'accumsan convallis, ante lectus'),
  (52, 'COMMENT', 11, 'rutrum eu, ultrices sit amet,'),
  (53, 'COMMENT', 28, 'eget magna. Suspendisse tristique neque venenatis'),
  (54, 'COMMENT', 8, 'vulputate, lacus. Cras'),
  (55, 'COMMENT', 34, 'Nullam lobortis quam a felis ullamcorper viverra. Maecenas iaculis aliquet'),
  (56, 'COMMENT', 1, 'sed orci lobortis augue scelerisque mollis. Phasellus libero mauris, aliquam'),
  (57, 'COMMENT', 55, 'ante dictum mi, ac mattis velit justo nec ante.'),
  (58, 'COMMENT', 53, 'augue. Sed molestie. Sed id risus quis diam'),
  (59, 'COMMENT', 10, 'molestie arcu. Sed eu nibh'),
  (60, 'COMMENT', 8, 'Ut sagittis lobortis mauris. Suspendisse'),
  (61, 'COMMENT', 15, 'a feugiat tellus lorem eu metus. In lorem. Donec elementum,'),
  (62, 'COMMENT', 25, 'blandit enim consequat purus. Maecenas'),
  (63, 'COMMENT', 26, 'sagittis augue, eu'),
  (64, 'COMMENT', 12, 'malesuada ut, sem. Nulla interdum. Curabitur dictum. Phasellus in'),
  (65, 'COMMENT', 88, 'non, luctus sit amet, faucibus ut, nulla. Cras eu tellus'),
  (66, 'COMMENT', 72, 'sed libero. Proin sed turpis nec mauris blandit mattis. Cras'),
  (67, 'COMMENT', 24, 'ipsum. Donec sollicitudin adipiscing ligula. Aenean gravida nunc sed pede.'),
  (68, 'COMMENT', 30, 'a nunc. In at pede. Cras'),
  (69, 'COMMENT', 97, 'sapien imperdiet ornare. In faucibus. Morbi vehicula. Pellentesque tincidunt'),
  (70, 'COMMENT', 23, 'ac turpis egestas.'),
  (71, 'COMMENT', 67, 'tellus id nunc interdum feugiat.'),
  (72, 'COMMENT', 35, 'nonummy. Fusce fermentum'),
  (73, 'COMMENT', 20, 'vitae, orci. Phasellus dapibus'),
  (74, 'COMMENT', 23, 'urna. Ut tincidunt vehicula'),
  (75, 'COMMENT', 98, 'pede, malesuada vel,'),
  (76, 'COMMENT', 53, 'velit. Aliquam nisl. Nulla eu neque pellentesque massa lobortis ultrices.'),
  (77, 'COMMENT', 41, 'Cras dictum ultricies ligula. Nullam enim.'),
  (78, 'COMMENT', 30, 'Vivamus molestie dapibus ligula. Aliquam erat volutpat. Nulla'),
  (79, 'COMMENT', 25, 'eu, eleifend nec, malesuada ut,'),
  (80, 'COMMENT', 49, 'euismod urna. Nullam lobortis quam a felis ullamcorper viverra.'),
  (81, 'COMMENT', 62, 'nibh. Quisque nonummy ipsum non arcu.'),
  (82, 'COMMENT', 15, 'consequat enim diam vel arcu. Curabitur ut'),
  (83, 'COMMENT', 27, 'eget, ipsum. Donec'),
  (84, 'COMMENT', 36, 'ultrices. Duis volutpat nunc sit'),
  (85, 'COMMENT', 15, 'pede nec ante'),
  (86, 'COMMENT', 5, 'Pellentesque ut ipsum ac mi eleifend egestas.'),
  (87, 'COMMENT', 63, 'amet luctus vulputate, nisi sem semper erat, in'),
  (88, 'COMMENT', 37, 'venenatis a, magna. Lorem'),
  (89, 'COMMENT', 67, 'nunc id enim. Curabitur massa.'),
  (90, 'COMMENT', 67, 'magnis dis parturient montes, nascetur ridiculus'),
  (91, 'COMMENT', 27, 'amet luctus vulputate, nisi'),
  (92, 'COMMENT', 91, 'erat, in consectetuer ipsum nunc id'),
  (93, 'COMMENT', 75, 'nec urna suscipit nonummy. Fusce fermentum fermentum arcu. Vestibulum'),
  (94, 'COMMENT', 38, 'in, hendrerit consectetuer, cursus et,'),
  (95, 'COMMENT', 7, 'facilisis, magna tellus faucibus leo, in lobortis'),
  (96, 'COMMENT', 75, 'sed pede. Cum sociis natoque penatibus et magnis dis'),
  (97, 'COMMENT', 44, 'penatibus et magnis dis parturient montes, nascetur ridiculus'),
  (98, 'COMMENT', 35, 'eu eros. Nam'),
  (99, 'COMMENT', 92, 'auctor, nunc nulla vulputate'),
  (100, 'COMMENT', 86, 'in, cursus et, eros. Proin ultrices.'),
  (101, 'COMMENT', 82, 'amet massa. Quisque porttitor eros nec'),
  (102, 'COMMENT', 29, 'Ut nec urna et arcu imperdiet ullamcorper. Duis at lacus.'),
  (103, 'COMMENT', 83, 'augue id ante dictum cursus. Nunc mauris elit, dictum'),
  (104, 'COMMENT', 95, 'mi tempor lorem,'),
  (105, 'COMMENT', 11, 'Duis sit amet'),
  (106, 'COMMENT', 66, 'Nunc laoreet lectus quis massa. Mauris vestibulum,'),
  (107, 'COMMENT', 52, 'feugiat non, lobortis'),
  (108, 'COMMENT', 42, 'Sed eu eros. Nam consequat dolor vitae dolor. Donec'),
  (109, 'COMMENT', 65, 'Nam porttitor scelerisque neque. Nullam nisl. Maecenas malesuada fringilla'),
  (110, 'COMMENT', 5, 'Suspendisse aliquet, sem'),
  (111, 'COMMENT', 19, 'pede. Suspendisse dui. Fusce diam'),
  (112, 'COMMENT', 64, 'eget metus eu erat semper rutrum. Fusce dolor'),
  (113, 'COMMENT', 44, 'commodo at, libero. Morbi accumsan laoreet ipsum. Curabitur'),
  (114, 'COMMENT', 3, 'non, egestas a, dui. Cras pellentesque. Sed dictum. Proin'),
  (115, 'COMMENT', 29, 'est. Nunc laoreet lectus quis massa.'),
  (116, 'COMMENT', 22, 'augue. Sed molestie. Sed id risus quis diam'),
  (117, 'COMMENT', 90, 'habitant morbi tristique'),
  (118, 'COMMENT', 65, 'eleifend non, dapibus rutrum, justo. Praesent luctus. Curabitur egestas'),
  (119, 'COMMENT', 25, 'id nunc interdum feugiat. Sed nec metus facilisis lorem'),
  (120, 'COMMENT', 52, 'semper erat, in consectetuer'),
  (121, 'ANSWER', 64, 'lacinia mattis. Integer eu lacus. Quisque imperdiet, erat nonummy ultricies ornare, elit elit fermentum risus, at fringilla purus mauris a nunc. In at pede. Cras vulputate velit eu'),
  (122, 'ANSWER', 74, 'augue porttitor interdum. Sed auctor odio a purus. Duis elementum, dui quis accumsan convallis, ante lectus convallis est, vitae sodales nisi magna sed dui. Fusce'),
  (123, 'ANSWER', 10, 'habitant morbi tristique senectus et netus et malesuada fames ac turpis egestas. Fusce aliquet magna a neque. Nullam ut nisi a odio'),
  (124, 'ANSWER', 33, 'congue, elit sed consequat auctor, nunc nulla vulputate dui, nec tempus mauris erat eget'),
  (125, 'ANSWER', 100, 'sociis natoque penatibus et magnis dis parturient montes, nascetur ridiculus'),
  (126, 'ANSWER', 68, 'orci, consectetuer euismod est arcu ac orci. Ut semper pretium neque. Morbi quis urna. Nunc quis arcu vel quam dignissim pharetra. Nam ac nulla.'),
  (127, 'ANSWER', 1, 'nulla. Integer urna. Vivamus molestie dapibus ligula. Aliquam erat volutpat. Nulla dignissim. Maecenas ornare egestas ligula. Nullam feugiat placerat velit. Quisque varius. Nam porttitor'),
  (128, 'ANSWER', 51, 'quis, tristique ac, eleifend vitae, erat. Vivamus nisi. Mauris nulla. Integer urna. Vivamus molestie dapibus ligula. Aliquam erat volutpat. Nulla dignissim. Maecenas ornare egestas ligula. Nullam'),
  (129, 'ANSWER', 31, 'Sed eu eros. Nam consequat dolor vitae dolor. Donec fringilla. Donec feugiat metus sit amet ante. Vivamus'),
  (130, 'ANSWER', 67, 'penatibus et magnis dis parturient montes, nascetur ridiculus mus. Proin vel nisl. Quisque fringilla euismod enim. Etiam gravida molestie arcu. Sed eu nibh vulputate mauris'),
  (131, 'ANSWER', 89, 'sodales elit erat vitae risus. Duis a mi fringilla mi lacinia mattis. Integer eu lacus. Quisque imperdiet, erat nonummy ultricies ornare, elit elit fermentum risus, at fringilla purus'),
  (132, 'ANSWER', 23, 'nec tempus mauris erat eget ipsum. Suspendisse sagittis. Nullam vitae diam. Proin dolor. Nulla semper tellus id nunc interdum'),
  (133, 'ANSWER', 29, 'tempus mauris erat eget ipsum. Suspendisse sagittis. Nullam vitae diam. Proin dolor. Nulla semper tellus id nunc interdum'),
  (134, 'ANSWER', 93, 'et netus et malesuada fames ac turpis egestas. Fusce aliquet magna a neque. Nullam ut nisi a odio semper cursus. Integer mollis. Integer tincidunt aliquam arcu. Aliquam ultrices iaculis odio.'),
  (135, 'ANSWER', 98, 'placerat velit. Quisque varius. Nam porttitor scelerisque neque. Nullam nisl. Maecenas malesuada fringilla'),
  (136, 'ANSWER', 31, 'eu eros. Nam consequat dolor vitae dolor. Donec fringilla. Donec feugiat metus sit amet ante. Vivamus non lorem vitae odio sagittis semper. Nam tempor diam dictum sapien. Aenean massa.'),
  (137, 'ANSWER', 41, 'sagittis lobortis mauris. Suspendisse aliquet molestie tellus. Aenean egestas hendrerit neque. In ornare sagittis felis. Donec tempor, est ac mattis semper, dui lectus rutrum'),
  (138, 'ANSWER', 22, 'porta elit, a feugiat tellus lorem eu metus. In lorem. Donec elementum, lorem ut aliquam iaculis, lacus pede sagittis augue, eu tempor erat neque non quam. Pellentesque'),
  (139, 'ANSWER', 6, 'Nam tempor diam dictum sapien. Aenean massa. Integer vitae nibh. Donec est mauris, rhoncus id, mollis nec, cursus a, enim.'),
  (140, 'ANSWER', 55, 'mauris a nunc. In at pede. Cras vulputate velit eu sem. Pellentesque ut ipsum ac mi eleifend egestas. Sed pharetra, felis eget varius ultrices, mauris ipsum porta elit, a'),
  (141, 'ANSWER', 47, 'ridiculus mus. Aenean eget magna. Suspendisse tristique neque venenatis lacus. Etiam bibendum fermentum metus. Aenean'),
  (142, 'ANSWER', 71, 'magna, malesuada vel, convallis in, cursus et, eros. Proin ultrices. Duis volutpat nunc sit amet metus. Aliquam'),
  (143, 'ANSWER', 13, 'eleifend, nunc risus varius orci, in consequat enim diam vel arcu. Curabitur ut odio vel est tempor bibendum. Donec felis orci,'),
  (144, 'ANSWER', 52, 'non justo. Proin non massa non ante bibendum ullamcorper. Duis cursus, diam at'),
  (145, 'ANSWER', 35, 'Curabitur consequat, lectus sit amet luctus vulputate, nisi sem semper erat, in consectetuer ipsum nunc id enim. Curabitur massa. Vestibulum accumsan neque et nunc. Quisque'),
  (146, 'ANSWER', 51, 'sit amet, consectetuer adipiscing elit. Curabitur sed tortor. Integer aliquam adipiscing lacus. Ut nec urna et arcu imperdiet ullamcorper. Duis'),
  (147, 'ANSWER', 25, 'risus quis diam luctus lobortis. Class aptent taciti sociosqu ad litora torquent per conubia nostra, per'),
  (148, 'ANSWER', 86, 'Curabitur ut odio vel est tempor bibendum. Donec felis orci, adipiscing non, luctus sit'),
  (149, 'ANSWER', 14, 'vitae, posuere at, velit. Cras lorem lorem, luctus ut, pellentesque eget, dictum placerat, augue. Sed molestie. Sed id risus quis diam luctus lobortis.'),
  (150, 'ANSWER', 10, 'consequat enim diam vel arcu. Curabitur ut odio vel est tempor bibendum. Donec felis orci, adipiscing non, luctus sit amet, faucibus ut, nulla. Cras eu tellus eu augue porttitor interdum.'),
  (151, 'ANSWER', 16, 'Suspendisse sed dolor. Fusce mi lorem, vehicula et, rutrum eu, ultrices sit amet, risus. Donec nibh enim, gravida sit amet, dapibus id,'),
  (152, 'ANSWER', 40, 'Vestibulum ante ipsum primis in faucibus orci luctus et ultrices posuere cubilia Curae, Donec tincidunt. Donec vitae erat vel pede blandit congue. In scelerisque'),
  (153, 'ANSWER', 51, 'sit amet ornare lectus justo eu arcu. Morbi sit amet massa. Quisque porttitor eros nec tellus. Nunc lectus pede, ultrices a, auctor non, feugiat nec,'),
  (154, 'ANSWER', 37, 'Proin nisl sem, consequat nec, mollis vitae, posuere at, velit. Cras lorem lorem, luctus ut, pellentesque eget,'),
  (155, 'ANSWER', 38, 'Nunc pulvinar arcu et pede. Nunc sed orci lobortis augue scelerisque mollis. Phasellus libero'),
  (156, 'ANSWER', 18, 'magnis dis parturient montes, nascetur ridiculus mus. Proin vel arcu eu odio tristique pharetra. Quisque ac libero nec ligula consectetuer rhoncus. Nullam velit dui, semper et, lacinia vitae, sodales'),
  (157, 'ANSWER', 17, 'Nulla eget metus eu erat semper rutrum. Fusce dolor quam, elementum at,'),
  (158, 'ANSWER', 98, 'euismod ac, fermentum vel, mauris. Integer sem elit, pharetra ut, pharetra sed, hendrerit a, arcu. Sed et libero. Proin mi. Aliquam gravida mauris ut'),
  (159, 'ANSWER', 29, 'luctus et ultrices posuere cubilia Curae, Donec tincidunt. Donec vitae erat vel pede blandit congue. In scelerisque scelerisque'),
  (160, 'ANSWER', 17, 'Donec feugiat metus sit amet ante. Vivamus non lorem vitae odio sagittis semper. Nam tempor diam dictum sapien. Aenean massa. Integer'),
  (161, 'ANSWER', 83, 'molestie dapibus ligula. Aliquam erat volutpat. Nulla dignissim. Maecenas ornare egestas ligula. Nullam feugiat'),
  (162, 'ANSWER', 10, 'lacus vestibulum lorem, sit amet ultricies sem magna nec quam.'),
  (163, 'ANSWER', 70, 'ornare placerat, orci lacus vestibulum lorem, sit amet ultricies sem magna nec quam. Curabitur vel lectus. Cum sociis natoque penatibus et magnis dis parturient montes, nascetur ridiculus mus. Donec'),
  (164, 'ANSWER', 44, 'massa rutrum magna. Cras convallis convallis dolor. Quisque tincidunt pede ac urna. Ut tincidunt vehicula risus. Nulla eget metus eu'),
  (165, 'ANSWER', 10, 'et ultrices posuere cubilia Curae, Phasellus ornare. Fusce mollis. Duis sit amet diam eu dolor egestas rhoncus. Proin nisl sem, consequat nec, mollis vitae,'),
  (166, 'ANSWER', 20, 'diam at pretium aliquet, metus urna convallis erat, eget tincidunt dui augue eu tellus. Phasellus elit pede, malesuada vel, venenatis vel, faucibus id, libero. Donec consectetuer'),
  (167, 'ANSWER', 4, 'nulla at sem molestie sodales. Mauris blandit enim consequat purus. Maecenas libero est, congue a, aliquet vel, vulputate eu, odio. Phasellus at augue id ante dictum cursus. Nunc'),
  (168, 'ANSWER', 23, 'felis. Nulla tempor augue ac ipsum. Phasellus vitae mauris sit amet lorem semper auctor. Mauris vel turpis. Aliquam adipiscing lobortis risus. In mi pede, nonummy ut,'),
  (169, 'ANSWER', 34, 'nec ligula consectetuer rhoncus. Nullam velit dui, semper et, lacinia vitae, sodales at, velit. Pellentesque ultricies dignissim lacus. Aliquam rutrum lorem ac'),
  (170, 'ANSWER', 78, 'pharetra nibh. Aliquam ornare, libero at auctor ullamcorper, nisl arcu iaculis enim, sit amet ornare lectus justo eu arcu. Morbi sit amet massa. Quisque porttitor eros nec tellus. Nunc'),
  (171, 'ANSWER', 54, 'tellus non magna. Nam ligula elit, pretium et, rutrum non, hendrerit id,'),
  (172, 'ANSWER', 76, 'Suspendisse tristique neque venenatis lacus. Etiam bibendum fermentum metus. Aenean sed pede nec ante blandit viverra. Donec tempus, lorem'),
  (173, 'ANSWER', 61, 'Cras convallis convallis dolor. Quisque tincidunt pede ac urna. Ut tincidunt vehicula risus. Nulla eget metus eu erat semper rutrum. Fusce dolor quam, elementum'),
  (174, 'ANSWER', 49, 'ut quam vel sapien imperdiet ornare. In faucibus. Morbi vehicula. Pellentesque tincidunt tempus risus. Donec egestas. Duis ac arcu. Nunc mauris.'),
  (175, 'ANSWER', 19, 'Aliquam ultrices iaculis odio. Nam interdum enim non nisi. Aenean eget metus. In nec orci. Donec nibh. Quisque nonummy ipsum non arcu. Vivamus sit amet risus. Donec egestas.'),
  (176, 'ANSWER', 39, 'pretium aliquet, metus urna convallis erat, eget tincidunt dui augue eu tellus. Phasellus elit pede, malesuada vel, venenatis vel, faucibus id, libero. Donec consectetuer mauris id sapien. Cras dolor dolor,'),
  (177, 'ANSWER', 71, 'vel, venenatis vel, faucibus id, libero. Donec consectetuer mauris id sapien. Cras dolor dolor, tempus non, lacinia at, iaculis quis, pede. Praesent eu dui. Cum sociis natoque penatibus et magnis'),
  (178, 'ANSWER', 82, 'mattis. Integer eu lacus. Quisque imperdiet, erat nonummy ultricies ornare, elit elit fermentum risus, at fringilla purus mauris'),
  (179, 'ANSWER', 75, 'Vivamus rhoncus. Donec est. Nunc ullamcorper, velit in aliquet lobortis, nisi nibh lacinia orci, consectetuer euismod est arcu ac orci. Ut'),
  (180, 'ANSWER', 40, 'lectus ante dictum mi, ac mattis velit justo nec ante. Maecenas mi felis,'),
  (181, 'ANSWER', 25, 'Donec porttitor tellus non magna. Nam ligula elit, pretium et, rutrum non, hendrerit id, ante. Nunc mauris sapien, cursus in, hendrerit consectetuer, cursus et, magna. Praesent interdum ligula eu'),
  (182, 'ANSWER', 89, 'magnis dis parturient montes, nascetur ridiculus mus. Aenean eget magna. Suspendisse tristique neque venenatis lacus. Etiam bibendum fermentum'),
  (183, 'ANSWER', 24, 'libero mauris, aliquam eu, accumsan sed, facilisis vitae, orci. Phasellus dapibus quam quis diam. Pellentesque habitant'),
  (184, 'ANSWER', 100, 'vel, vulputate eu, odio. Phasellus at augue id ante dictum cursus. Nunc mauris elit, dictum eu, eleifend nec, malesuada'),
  (185, 'ANSWER', 41, 'Morbi non sapien molestie orci tincidunt adipiscing. Mauris molestie pharetra nibh. Aliquam'),
  (186, 'ANSWER', 83, 'fringilla cursus purus. Nullam scelerisque neque sed sem egestas blandit. Nam nulla magna, malesuada vel, convallis in, cursus et, eros. Proin'),
  (187, 'ANSWER', 87, 'non, egestas a, dui. Cras pellentesque. Sed dictum. Proin eget odio. Aliquam vulputate ullamcorper magna. Sed eu eros. Nam consequat'),
  (188, 'ANSWER', 83, 'Nunc sollicitudin commodo ipsum. Suspendisse non leo. Vivamus nibh dolor, nonummy ac, feugiat non,'),
  (189, 'ANSWER', 89, 'mauris sagittis placerat. Cras dictum ultricies ligula. Nullam enim. Sed nulla ante,'),
  (190, 'ANSWER', 52, 'eu neque pellentesque massa lobortis ultrices. Vivamus rhoncus. Donec est. Nunc ullamcorper, velit in aliquet lobortis, nisi nibh lacinia orci, consectetuer euismod est arcu ac orci. Ut semper pretium'),
  (191, 'ANSWER', 72, 'eu nibh vulputate mauris sagittis placerat. Cras dictum ultricies ligula. Nullam enim. Sed nulla'),
  (192, 'ANSWER', 45, 'montes, nascetur ridiculus mus. Aenean eget magna. Suspendisse tristique neque venenatis lacus. Etiam bibendum fermentum'),
  (193, 'ANSWER', 8, 'ullamcorper eu, euismod ac, fermentum vel, mauris. Integer sem elit, pharetra ut, pharetra sed, hendrerit a, arcu. Sed et libero. Proin mi. Aliquam gravida'),
  (194, 'ANSWER', 91, 'cursus luctus, ipsum leo elementum sem, vitae aliquam eros turpis non enim. Mauris quis turpis vitae purus gravida sagittis. Duis gravida. Praesent eu nulla at sem molestie sodales. Mauris'),
  (195, 'ANSWER', 21, 'Proin sed turpis nec mauris blandit mattis. Cras eget nisi dictum augue malesuada malesuada. Integer id magna et ipsum cursus vestibulum. Mauris'),
  (196, 'ANSWER', 89, 'amet, consectetuer adipiscing elit. Curabitur sed tortor. Integer aliquam adipiscing lacus. Ut'),
  (197, 'ANSWER', 74, 'est tempor bibendum. Donec felis orci, adipiscing non, luctus sit'),
  (198, 'ANSWER', 48, 'lectus. Cum sociis natoque penatibus et magnis dis parturient montes, nascetur ridiculus mus. Donec dignissim magna a'),
  (199, 'ANSWER', 80, 'venenatis lacus. Etiam bibendum fermentum metus. Aenean sed pede nec ante blandit viverra. Donec'),
  (200, 'ANSWER', 73, 'eleifend egestas. Sed pharetra, felis eget varius ultrices, mauris ipsum porta elit, a feugiat tellus lorem eu metus. In lorem. Donec elementum, lorem ut aliquam iaculis, lacus pede'),
  (201, 'ANSWER', 2, 'Vivamus molestie dapibus ligula. Aliquam erat volutpat. Nulla dignissim. Maecenas'),
  (202, 'ANSWER', 12, 'tempus non, lacinia at, iaculis quis, pede. Praesent eu dui. Cum sociis natoque penatibus et magnis dis parturient'),
  (203, 'ANSWER', 1, 'placerat velit. Quisque varius. Nam porttitor scelerisque neque. Nullam nisl. Maecenas malesuada fringilla est. Mauris eu'),
  (204, 'ANSWER', 71, 'eu, odio. Phasellus at augue id ante dictum cursus. Nunc mauris elit, dictum eu, eleifend nec, malesuada ut, sem. Nulla interdum. Curabitur dictum. Phasellus in'),
  (205, 'ANSWER', 75, 'arcu. Morbi sit amet massa. Quisque porttitor eros nec tellus.'),
  (206, 'ANSWER', 12, 'eu sem. Pellentesque ut ipsum ac mi eleifend egestas. Sed pharetra, felis eget varius ultrices, mauris ipsum porta elit, a feugiat tellus lorem eu metus. In'),
  (207, 'ANSWER', 21, 'massa. Mauris vestibulum, neque sed dictum eleifend, nunc risus varius orci, in consequat enim diam vel arcu. Curabitur ut odio vel est tempor bibendum. Donec felis orci, adipiscing'),
  (208, 'ANSWER', 30, 'varius et, euismod et, commodo at, libero. Morbi accumsan laoreet ipsum. Curabitur consequat, lectus sit amet luctus vulputate, nisi sem semper erat, in consectetuer ipsum nunc'),
  (209, 'ANSWER', 2, 'orci, in consequat enim diam vel arcu. Curabitur ut odio vel est tempor bibendum. Donec felis orci, adipiscing non, luctus sit amet, faucibus ut, nulla. Cras eu'),
  (210, 'ANSWER', 5, 'luctus et ultrices posuere cubilia Curae, Phasellus ornare. Fusce mollis. Duis sit amet diam eu'),
  (211, 'ANSWER', 64, 'vehicula aliquet libero. Integer in magna. Phasellus dolor elit, pellentesque a, facilisis non, bibendum sed, est. Nunc laoreet lectus quis massa. Mauris vestibulum,'),
  (212, 'ANSWER', 68, 'nec ante blandit viverra. Donec tempus, lorem fringilla ornare placerat, orci lacus vestibulum lorem, sit amet ultricies sem magna'),
  (213, 'ANSWER', 49, 'eu turpis. Nulla aliquet. Proin velit. Sed malesuada augue ut lacus. Nulla tincidunt, neque vitae semper egestas, urna justo faucibus'),
  (214, 'ANSWER', 100, 'eget mollis lectus pede et risus. Quisque libero lacus, varius et, euismod et, commodo at, libero. Morbi accumsan laoreet ipsum.'),
  (215, 'ANSWER', 50, 'a ultricies adipiscing, enim mi tempor lorem, eget mollis lectus pede et risus. Quisque libero lacus, varius'),
  (216, 'ANSWER', 68, 'sagittis. Duis gravida. Praesent eu nulla at sem molestie sodales. Mauris blandit enim consequat purus. Maecenas libero est, congue'),
  (217, 'ANSWER', 78, 'eget mollis lectus pede et risus. Quisque libero lacus, varius et, euismod et, commodo at, libero. Morbi accumsan laoreet ipsum. Curabitur'),
  (218, 'ANSWER', 95, 'cursus. Integer mollis. Integer tincidunt aliquam arcu. Aliquam ultrices iaculis odio. Nam interdum'),
  (219, 'ANSWER', 5, 'feugiat. Sed nec metus facilisis lorem tristique aliquet. Phasellus fermentum convallis ligula.'),
  (220, 'ANSWER', 24, 'et tristique pellentesque, tellus sem mollis dui, in sodales elit erat vitae risus.');


/* Question data */

INSERT INTO question (qs_id, qs_name, qs_votes) VALUES

  (1, 'lorem eu metus. In lorem. Donec', 80),
  (2, 'fringilla purus mauris a nunc. In at pede. Cras vulputate', 53),
  (3, 'Sed nunc est, mollis non, cursus non, egestas', 18),
  (4, 'risus quis diam luctus lobortis. Class aptent taciti sociosqu', 57),
  (5, 'fermentum convallis ligula. Donec luctus', 88),
  (6, 'Donec porttitor tellus non magna.', 46),
  (7, 'risus. Morbi metus. Vivamus euismod', 71),
  (8, 'Quisque fringilla euismod enim. Etiam gravida molestie arcu. Sed eu', 65),
  (9, 'a, malesuada id, erat. Etiam vestibulum massa', 36),
  (10, 'sem molestie sodales. Mauris blandit enim consequat', 29),
  (11, 'ac tellus. Suspendisse sed dolor. Fusce', 84),
  (12, 'interdum. Nunc sollicitudin commodo ipsum. Suspendisse non leo. Vivamus', 80),
  (13, 'non nisi. Aenean eget metus. In nec orci.', 12),
  (14, 'sapien. Aenean massa. Integer vitae nibh. Donec est', 43),
  (15, 'mollis lectus pede et', 69),
  (16, 'Maecenas ornare egestas ligula. Nullam', 98),
  (17, 'Duis gravida. Praesent eu nulla at', 2),
  (18, 'lobortis tellus justo sit amet nulla.', 9),
  (19, 'Fusce mollis. Duis sit amet diam', 96),
  (20, 'ullamcorper magna. Sed eu', 41);


/* Comment data */

INSERT INTO comment (cm_id, cm_question_id) VALUES

  (21, 9), (22, 14), (23, 16), (24, 11), (25, 12), (26, 17), (27, 3), (28, 5), (29, 14), (30, 11), (31, 17),
  (32, 1), (33, 3), (34, 11), (35, 13), (36, 3), (37, 15), (38, 13), (39, 1), (40, 6), (41, 10), (42, 14),
  (43, 7), (44, 16), (45, 1), (46, 8), (47, 5), (48, 16), (49, 15), (50, 5), (51, 16), (52, 3), (53, 8),
  (54, 19), (55, 4), (56, 13), (57, 7), (58, 11), (59, 10), (60, 18), (61, 19), (62, 3), (63, 7), (64, 15),
  (65, 3), (66, 16), (67, 13), (68, 15), (69, 6), (70, 17), (71, 6), (72, 7), (73, 8), (74, 19), (75, 15),
  (76, 18), (77, 8), (78, 9), (79, 20), (80, 12), (81, 4), (82, 18), (83, 11), (84, 20), (85, 14), (86, 1),
  (87, 19), (88, 12), (89, 17), (90, 10), (91, 9), (92, 6), (93, 14), (94, 5), (95, 5), (96, 11), (97, 9),
  (98, 13), (99, 20), (100, 8), (101, 5), (102, 9), (103, 8), (104, 1), (105, 16), (106, 5), (107, 11), (108, 4),
  (109, 9), (110, 16), (111, 12), (112, 18), (113, 17), (114, 17), (115, 8), (116, 5), (117, 16), (118, 3), (119, 11),
  (120, 9);


/* Answer data */

INSERT INTO answer (asw_id, asw_question_id, asw_votes, asw_accepted) VALUES

  (121, 5, 14, 1), (122, 18, 47, 0), (123, 11, 10, 0), (124, 9, 47, 0), (125, 1, 43, 1), (126, 16, 50, 0), (127, 3, 44, 1), (128, 10, 33, 0), (129, 14, 9, 0), (130, 11, 2, 1), (131, 9, 49, 1),
  (132, 15, 30, 0), (133, 3, 49, 1), (134, 20, 31, 0), (135, 10, 17, 1), (136, 3, 16, 1), (137, 12, 6, 0), (138, 9, 28, 0), (139, 15, 15, 1), (140, 13, 18, 0), (141, 10, 11, 0), (142, 2, 31, 1),
  (143, 15, 28, 1), (144, 17, 17, 1), (145, 7, 43, 1), (146, 15, 44, 1), (147, 2, 2, 0), (148, 11, 7, 0), (149, 5, 22, 0), (150, 19, 28, 0), (151, 15, 16, 1), (152, 5, 31, 0), (153, 9, 4, 1),
  (154, 20, 19, 1), (155, 1, 46, 1), (156, 11, 43, 1), (157, 1, 15, 0), (158, 19, 1, 0), (159, 4, 1, 0), (160, 1, 22, 1), (161, 16, 22, 1), (162, 9, 11, 0), (163, 8, 38, 0), (164, 10, 27, 1),
  (165, 9, 13, 1), (166, 9, 21, 1), (167, 20, 3, 0), (168, 20, 17, 1), (169, 19, 27, 1), (170, 10, 43, 1), (171, 15, 47, 0), (172, 3, 7, 1), (173, 3, 19, 0), (174, 16, 9, 1), (175, 3, 28, 1),
  (176, 15, 10, 1), (177, 6, 26, 1), (178, 16, 34, 1), (179, 10, 2, 1), (180, 16, 13, 1), (181, 19, 27, 0), (182, 8, 9, 1), (183, 17, 36, 0), (184, 6, 12, 0), (185, 4, 3, 0), (186, 16, 24, 1),
  (187, 11, 8, 0), (188, 4, 5, 0), (189, 1, 6, 1), (190, 3, 3, 1), (191, 15, 26, 1), (192, 4, 13, 1), (193, 11, 3, 1), (194, 13, 10, 1), (195, 3, 33, 1), (196, 7, 16, 1), (197, 15, 4, 1),
  (198, 4, 28, 1), (199, 7, 24, 0), (200, 11, 4, 1), (201, 9, 3, 0), (202, 8, 47, 1), (203, 4, 11, 0), (204, 15, 43, 1), (205, 9, 18, 0), (206, 16, 18, 1), (207, 1, 44, 0), (208, 16, 44, 0),
  (209, 13, 5, 0), (210, 1, 30, 0), (211, 2, 14, 1), (212, 19, 18, 1), (213, 15, 7, 1), (214, 10, 44, 1), (215, 7, 29, 1), (216, 11, 23, 0), (217, 11, 48, 1), (218, 13, 3, 1), (219, 2, 13, 1), (220, 8, 20, 0);



/* Tag data */

INSERT INTO tag (tag_id, tag_name, tag_desc) VALUES

  (1, 'at sem', 'Cras eu tellus eu augue'),
  (2, 'amet, risus.', 'adipiscing non, luctus sit amet, faucibus ut, nulla. Cras eu'),
  (3, 'nulla.', 'Duis sit amet diam eu dolor egestas rhoncus. Proin nisl'),
  (4, 'faucibus lectus,', 'magna'),
  (5, 'cursus', 'leo. Vivamus nibh dolor, nonummy ac,'),
  (6, 'tellus non', 'et magnis dis parturient montes, nascetur'),
  (7, 'et', 'penatibus et magnis dis parturient montes, nascetur'),
  (8, 'dolor', 'nulla magna, malesuada vel,'),
  (9, 'vulputate', 'dictum'),
  (10, 'lectus ante', 'diam nunc, ullamcorper eu, euismod'),
  (11, 'nostra,', 'Nunc commodo auctor velit. Aliquam nisl. Nulla eu neque pellentesque'),
  (12, 'Nunc quis', 'Donec fringilla. Donec feugiat metus sit amet'),
  (13, 'dui,', 'ac mattis velit justo'),
  (14, 'velit. Pellentesque', 'urna et arcu imperdiet ullamcorper. Duis at lacus. Quisque'),
  (15, 'ante.', 'non lorem vitae odio sagittis semper. Nam tempor diam dictum'),
  (16, 'orci luctus', 'Nunc mauris elit, dictum eu,'),
  (17, 'Sed auctor', 'libero. Morbi accumsan laoreet ipsum. Curabitur consequat, lectus sit'),
  (18, 'Lorem ipsum', 'nulla. Donec non justo. Proin'),
  (19, 'nonummy ipsum', 'dolor. Donec fringilla. Donec'),
  (20, 'et', 'lorem, sit amet ultricies sem magna nec'),
  (21, 'auctor, nunc', 'faucibus leo, in lobortis tellus'),
  (22, 'suscipit, est', 'eu nulla at'),
  (23, 'aliquet', 'volutpat. Nulla'),
  (24, 'Nunc mauris', 'sed, facilisis vitae, orci. Phasellus dapibus'),
  (25, 'neque', 'Lorem ipsum dolor sit amet, consectetuer adipiscing elit. Etiam laoreet,'),
  (26, 'ornare lectus', 'eget, volutpat ornare, facilisis eget,'),
  (27, 'dignissim.', 'porta elit, a feugiat tellus lorem eu metus.'),
  (28, 'Mauris', 'tellus. Nunc lectus pede, ultrices a, auctor non, feugiat'),
  (29, 'et,', 'Quisque'),
  (30, 'dolor', 'egestas. Sed pharetra, felis eget varius ultrices,'),
  (31, 'dapibus', 'eu'),
  (32, 'imperdiet', 'lacus. Nulla tincidunt, neque'),
  (33, 'amet', 'magna et ipsum cursus vestibulum. Mauris magna.'),
  (34, 'felis', 'et risus. Quisque libero lacus, varius et, euismod'),
  (35, 'lacus. Ut', 'sapien, cursus in, hendrerit consectetuer, cursus et,'),
  (36, 'Integer id', 'diam luctus lobortis. Class aptent'),
  (37, 'vulputate,', 'erat.'),
  (38, 'lacus. Quisque', 'Duis elementum, dui quis'),
  (39, 'rutrum magna.', 'ipsum'),
  (40, 'nibh.', 'Nunc sollicitudin commodo ipsum. Suspendisse non leo. Vivamus nibh'),
  (41, 'risus.', 'Etiam vestibulum massa'),
  (42, 'ut', 'lacinia'),
  (43, 'quis,', 'tristique neque venenatis lacus. Etiam bibendum fermentum'),
  (44, 'massa non', 'nibh. Aliquam'),
  (45, 'lacus pede', 'dis parturient montes, nascetur ridiculus'),
  (46, 'amet,', 'diam lorem, auctor quis, tristique ac, eleifend vitae,'),
  (47, 'ultricies', 'sem ut dolor dapibus gravida. Aliquam tincidunt,'),
  (48, 'mauris', 'risus, at fringilla purus mauris a nunc. In at'),
  (49, 'Curabitur egestas', 'Donec tempus, lorem fringilla ornare placerat,'),
  (50, 'Donec', 'vehicula aliquet libero. Integer in magna. Phasellus'),
  (51, 'id, ante.', 'dui quis'),
  (52, 'Cum sociis', 'montes, nascetur'),
  (53, 'metus facilisis', 'odio. Aliquam vulputate ullamcorper magna. Sed eu eros.'),
  (54, 'ipsum.', 'interdum ligula'),
  (55, 'vulputate', 'sem. Pellentesque ut ipsum ac mi eleifend egestas. Sed pharetra,'),
  (56, 'molestie pharetra', 'a, malesuada id, erat. Etiam vestibulum massa rutrum magna.'),
  (57, 'felis.', 'lacus. Nulla tincidunt, neque vitae semper egestas, urna justo'),
  (58, 'Quisque', 'massa non ante bibendum ullamcorper. Duis cursus, diam at pretium'),
  (59, 'malesuada vel,', 'risus odio, auctor vitae, aliquet nec,'),
  (60, 'enim, condimentum', 'et magnis dis parturient montes,'),
  (61, 'elementum, lorem', 'Quisque ornare tortor at risus. Nunc ac'),
  (62, 'tristique', 'Vivamus rhoncus. Donec est. Nunc ullamcorper, velit in aliquet lobortis,'),
  (63, 'Cras', 'Cras'),
  (64, 'enim.', 'felis. Donec tempor, est ac mattis semper, dui lectus'),
  (65, 'malesuada', 'lacus. Aliquam rutrum lorem ac risus. Morbi metus. Vivamus euismod'),
  (66, 'eu tellus', 'eu metus. In'),
  (67, 'pede', 'dolor quam, elementum at, egestas a, scelerisque sed,'),
  (68, 'dolor dapibus', 'enim. Nunc ut erat. Sed nunc est, mollis'),
  (69, 'purus. Nullam', 'mauris blandit mattis. Cras eget nisi dictum augue'),
  (70, 'Suspendisse', 'tristique'),
  (71, 'gravida sit', 'metus. Vivamus euismod urna. Nullam lobortis'),
  (72, 'diam luctus', 'molestie pharetra'),
  (73, 'dolor', 'scelerisque sed, sapien. Nunc pulvinar arcu et pede.'),
  (74, 'penatibus', 'a, scelerisque'),
  (75, 'Nunc laoreet', 'vitae purus gravida'),
  (76, 'sociosqu', 'arcu. Vivamus sit amet risus. Donec'),
  (77, 'leo', 'vestibulum lorem, sit amet ultricies sem magna'),
  (78, 'sit amet', 'luctus'),
  (79, 'ac tellus.', 'Curabitur egestas nunc sed'),
  (80, 'nisi.', 'penatibus et magnis dis parturient'),
  (81, 'eu, ultrices', 'sit amet orci. Ut sagittis lobortis mauris. Suspendisse aliquet'),
  (82, 'facilisis', 'rutrum lorem ac risus. Morbi metus. Vivamus'),
  (83, 'a', 'dolor dolor, tempus non, lacinia at, iaculis quis, pede.'),
  (84, 'risus', 'odio. Aliquam vulputate ullamcorper magna.'),
  (85, 'arcu.', 'non leo. Vivamus nibh dolor, nonummy ac, feugiat'),
  (86, 'mauris.', 'Maecenas iaculis aliquet diam. Sed diam lorem, auctor quis, tristique'),
  (87, 'elit', 'nisi. Mauris nulla. Integer'),
  (88, 'pretium', 'adipiscing fringilla, porttitor vulputate, posuere vulputate, lacus. Cras'),
  (89, 'Quisque porttitor', 'auctor, nunc nulla vulputate'),
  (90, 'Donec vitae', 'auctor velit. Aliquam nisl. Nulla eu neque pellentesque'),
  (91, 'nunc sed', 'sollicitudin commodo ipsum. Suspendisse non leo.'),
  (92, 'lacus', 'Sed eu nibh vulputate mauris sagittis placerat. Cras'),
  (93, 'enim non', 'a feugiat tellus lorem eu metus. In lorem. Donec elementum,'),
  (94, 'Pellentesque', 'arcu. Vestibulum ante ipsum primis in faucibus orci luctus et'),
  (95, 'Donec', 'eu tempor erat'),
  (99, 'ut quam', 'mauris ipsum porta elit, a feugiat'),
  (96, 'ullamcorper,', 'urna et arcu imperdiet ullamcorper. Duis at lacus. Quisque'),
  (97, 'quam', 'Curabitur vel lectus.'),
  (98, 'molestie tortor', 'accumsan sed, facilisis vitae,'),
  (100, 'nec ligula', 'urna. Nunc quis arcu vel quam dignissim pharetra. Nam');


/* Question & Tag data */

INSERT INTO question_tag (qt_question_id, qt_tag_id) VALUES

  (9, 86), (6, 75), (8, 78), (3, 35), (9, 70), (1, 49),
  (5, 51), (1, 97), (2, 44), (3, 18), (6, 83), (6, 80),
  (10, 85), (5, 4), (2, 23), (7, 3), (3, 41), (8, 40),
  (1, 38), (7, 64), (4, 91), (10, 44), (1, 74), (10, 99),
  (2, 13), (6, 86), (8, 74), (8, 62), (6, 24), (6, 41),
  (9, 56), (2, 13), (5, 18), (8, 44), (8, 28), (2, 2),
  (2, 42), (3, 38), (5, 62), (4, 19), (9, 97), (9, 51),
  (6, 25), (3, 93), (2, 13), (8, 85), (3, 8), (10, 23),
  (9, 13), (1, 41), (7, 51), (2, 77), (6, 97), (4, 8),
  (8, 50), (5, 67), (4, 90), (4, 31), (8, 31), (10, 53),
  (6, 61), (5, 4), (8, 73), (10, 96), (3, 5), (10, 93),
  (7, 28), (9, 5), (6, 60), (2, 37), (10, 87), (5, 62),
  (3, 24), (7, 93);