
  /* Badge data */

INSERT INTO badge (bdg_id, bdg_name, bdg_desc) VALUES

  (1, 'ROLE_ADMIN', 'Lorem ipsum dolor.'),
  (2, 'ROLE_USER', 'Lorem ipsum dolor sit amet.');


  /* User data */

INSERT INTO user (user_id, user_name, user_age, user_about_me, user_location, user_email, user_password, user_reputation) VALUES

  (1, 'Zahir Petersen', 76, 'in aliquet lobortis, nisi nibh lacinia orci, consectetuer euismod est arcu ac orci. Ut semper pretium neque. Morbi quis urna.', 'Heard Island and Mcdonald Islands', 'dolor.Quisque.tincidunt@tellusnon.edu', 3938233, 11),
(2, 'Yoshio Campos', 42, 'et, euismod et, commodo at, libero. Morbi accumsan laoreet ipsum. Curabitur consequat,', 'Romania', 'non.enim@luctusfelispurus.edu', 9367992, 67),
(3, 'Beau Cannon', 60, 'mauris eu elit. Nulla facilisi. Sed neque. Sed eget lacus. Mauris', 'Tanzania', 'ac.turpis@dignissimtemporarcu.net', 9871234, 14),
(4, 'Ferdinand Dillard', 89, 'non, bibendum sed, est. Nunc laoreet lectus quis massa. Mauris vestibulum, neque sed dictum eleifend, nunc', 'Colombia', 'magnis.dis.parturient@anteMaecenasmi.org', 3752609, 43),
(5, 'Stewart Reynolds', 71, 'sociosqu ad litora torquent per conubia nostra, per inceptos hymenaeos. Mauris ut quam vel', 'Palestine, State of', 'ac@Nuncsollicitudin.net', 719660, 22),
(6, 'Hamish Flowers', 78, 'vulputate, lacus. Cras interdum. Nunc sollicitudin commodo ipsum. Suspendisse non leo. Vivamus nibh dolor, nonummy', 'Anguilla', 'ultrices.sit.amet@sed.com', 6358324, 138),
(7, 'Branden Boyd', 75, 'Donec tincidunt. Donec vitae erat vel pede blandit congue. In scelerisque scelerisque dui. Suspendisse ac metus vitae', 'Monaco', 'Sed@ornaretortor.co.uk', 3026926, 53),
(8, 'Kennan Whitney', 71, 'id ante dictum cursus. Nunc mauris elit, dictum eu, eleifend nec, malesuada ut, sem. Nulla', 'Taiwan', 'pede.sagittis.augue@Proinsedturpis.ca', 7685803, 55),
(9, 'Fuller Morrow', 74, 'Aliquam rutrum lorem ac risus. Morbi metus. Vivamus euismod urna. Nullam lobortis quam a felis ullamcorper viverra. Maecenas iaculis aliquet', 'Chad', 'Nullam.nisl@et.net', 7802794, 60),
(10, 'Henry Ayers', 46, 'neque. Nullam ut nisi a odio semper cursus. Integer mollis. Integer tincidunt aliquam arcu. Aliquam ultrices iaculis odio.', 'Cambodia', 'lobortis@sociisnatoque.ca', 3454713, 71),
(11, 'Upton Barrera', 39, 'Donec at arcu. Vestibulum ante ipsum primis in faucibus orci luctus et ultrices posuere cubilia Curae, Donec tincidunt.', 'Lithuania', 'risus.at@tempusnonlacinia.com', 3421527, 16),
(12, 'Mohammad Graham', 63, 'ullamcorper. Duis at lacus. Quisque purus sapien, gravida non, sollicitudin a, malesuada id, erat. Etiam vestibulum massa rutrum', 'Uzbekistan', 'dignissim.lacus@semegetmassa.co.uk', 1137176, 29),
(13, 'Jarrod Chen', 59, 'non, lobortis quis, pede. Suspendisse dui. Fusce diam nunc, ullamcorper', 'Suriname', 'mi.fringilla.mi@ut.com', 622686, 20),
(14, 'Steel Maynard', 84, 'Pellentesque ultricies dignissim lacus. Aliquam rutrum lorem ac risus. Morbi', 'United States Minor Outlying Islands', 'augue.Sed.molestie@nequesed.co.uk', 4001762, 40),
(15, 'Gray Coffey', 39, 'nec, eleifend non, dapibus rutrum, justo. Praesent luctus. Curabitur egestas nunc sed libero. Proin sed turpis nec mauris blandit', 'Cocos (Keeling) Islands', 'nec.tellus.Nunc@necdiamDuis.org', 9826410, 28),
(16, 'Wang Ortiz', 74, 'senectus et netus et malesuada fames ac turpis egestas. Fusce aliquet magna', 'Antarctica', 'Duis.sit@dolorFuscemi.net', 5903968, 132),
(17, 'Hamilton Sosa', 70, 'aliquam, enim nec tempus scelerisque, lorem ipsum sodales purus, in molestie tortor nibh', 'Solomon Islands', 'sit.amet@ipsum.co.uk', 1618281, 129),
(18, 'Melvin Kane', 85, 'et magnis dis parturient montes, nascetur ridiculus mus. Aenean eget magna. Suspendisse tristique neque venenatis lacus.', 'Fiji', 'ullamcorper.eu@etrisus.co.uk', 4853761, 62),
(19, 'Fletcher Hurley', 64, 'dolor. Quisque tincidunt pede ac urna. Ut tincidunt vehicula risus. Nulla eget metus eu erat', 'Trinidad and Tobago', 'est.Nunc.laoreet@aliquamenim.net', 3510370, 143),
(20, 'Philip Gillespie', 35, 'amet ultricies sem magna nec quam. Curabitur vel lectus. Cum sociis natoque penatibus et magnis dis parturient montes,', 'Faroe Islands', 'Duis.volutpat.nunc@est.co.uk', 9785970, 141),
(21, 'Devin Carter', 34, 'auctor non, feugiat nec, diam. Duis mi enim, condimentum eget, volutpat', 'Cte DIvoire (Ivory Coast)', 'dapibus.id.blandit@euplacerateget.com', 883411, 10),
(22, 'Tobias Clarke', 81, 'adipiscing lacus. Ut nec urna et arcu imperdiet ullamcorper. Duis at lacus. Quisque purus sapien, gravida', 'Bouvet Island', 'dui.Fusce.diam@accumsan.edu', 7524739, 120),
(23, 'Clinton Luna', 73, 'et, rutrum eu, ultrices sit amet, risus. Donec nibh enim, gravida sit amet,', 'Palau', 'Nam.interdum.enim@amagna.com', 9118564, 44),
(24, 'Caleb Moses', 90, 'In faucibus. Morbi vehicula. Pellentesque tincidunt tempus risus. Donec egestas. Duis ac arcu. Nunc', 'Belgium', 'Suspendisse.aliquet.sem@velturpisAliquam.ca', 1187738, 75),
(25, 'Gregory Nixon', 73, 'vitae sodales nisi magna sed dui. Fusce aliquam, enim nec tempus scelerisque, lorem ipsum sodales purus, in', 'Norfolk Island', 'lectus.rutrum@Duiscursus.ca', 4991980, 96),
(26, 'Jakeem Dyer', 24, 'ante ipsum primis in faucibus orci luctus et ultrices posuere', 'Cte DIvoire (Ivory Coast)', 'ac.tellus@dapibusligula.co.uk', 1891309, 100),
(27, 'Dalton Franco', 74, 'at arcu. Vestibulum ante ipsum primis in faucibus orci luctus et ultrices posuere cubilia Curae, Donec tincidunt. Donec vitae erat', 'Anguilla', 'Cras.sed@mi.net', 6375635, 71),
(28, 'Brock Long', 66, 'ipsum dolor sit amet, consectetuer adipiscing elit. Aliquam auctor, velit eget laoreet posuere, enim nisl elementum purus, accumsan', 'Mongolia', 'Cras@amet.org', 3597775, 88),
(29, 'Wallace Brennan', 36, 'dolor sit amet, consectetuer adipiscing elit. Curabitur sed tortor. Integer aliquam adipiscing lacus. Ut nec urna et arcu imperdiet', 'Faroe Islands', 'at.velit.Cras@urna.co.uk', 939313, 64),
(30, 'Hilel Padilla', 55, 'nascetur ridiculus mus. Aenean eget magna. Suspendisse tristique neque venenatis lacus. Etiam bibendum fermentum metus. Aenean sed pede', 'Bouvet Island', 'ut.molestie@mattisInteger.edu', 6752354, 129),
(31, 'Octavius Pacheco', 85, 'odio semper cursus. Integer mollis. Integer tincidunt aliquam arcu. Aliquam ultrices iaculis', 'Burundi', 'ornare@liberoestcongue.org', 623302, 20),
(32, 'Warren Welch', 54, 'Aliquam vulputate ullamcorper magna. Sed eu eros. Nam consequat dolor vitae dolor. Donec fringilla. Donec feugiat metus', 'Austria', 'blandit.congue@quisurna.edu', 5791673, 48),
(33, 'Lamar Oliver', 28, 'semper, dui lectus rutrum urna, nec luctus felis purus ac tellus. Suspendisse sed dolor. Fusce mi', 'Iraq', 'ridiculus.mus@facilisiSed.ca', 5592449, 149),
(34, 'Hamish Durham', 41, 'blandit at, nisi. Cum sociis natoque penatibus et magnis dis parturient montes, nascetur ridiculus', 'Mali', 'at.nisi@leoelementumsem.edu', 9614459, 123),
(35, 'Kaseem Walter', 64, 'magna. Duis dignissim tempor arcu. Vestibulum ut eros non enim commodo hendrerit.', 'Taiwan', 'amet@tempusloremfringilla.edu', 4050964, 47),
(36, 'Tyrone Dennis', 65, 'aliquam, enim nec tempus scelerisque, lorem ipsum sodales purus, in', 'Holy See (Vatican City State)', 'pellentesque.massa.lobortis@maurisSuspendissealiquet.co.uk', 5682751, 101),
(37, 'Jared Patel', 22, 'molestie in, tempus eu, ligula. Aenean euismod mauris eu elit.', 'Guyana', 'senectus.et.netus@arcu.edu', 8761016, 78),
(38, 'Finn Farrell', 20, 'pharetra sed, hendrerit a, arcu. Sed et libero. Proin mi. Aliquam gravida mauris ut mi.', 'Poland', 'commodo.hendrerit.Donec@sitametlorem.com', 1627032, 102),
(39, 'Rahim Pickett', 31, 'lorem vitae odio sagittis semper. Nam tempor diam dictum sapien. Aenean massa. Integer', 'Tokelau', 'dolor.Quisque.tincidunt@mauris.com', 3436209, 103),
(40, 'Mannix Roach', 20, 'ac turpis egestas. Fusce aliquet magna a neque. Nullam ut nisi a odio semper cursus. Integer mollis. Integer tincidunt', 'Bouvet Island', 'mauris.sagittis@nasceturridiculus.edu', 679664, 98),
(41, 'Byron Ayala', 80, 'tincidunt tempus risus. Donec egestas. Duis ac arcu. Nunc mauris. Morbi non sapien molestie orci tincidunt', 'El Salvador', 'sed.turpis.nec@iaculislacus.edu', 2311750, 136),
(42, 'Xanthus Lindsay', 75, 'ante dictum cursus. Nunc mauris elit, dictum eu, eleifend nec, malesuada ut,', 'Eritrea', 'Mauris.eu@necluctus.edu', 2309744, 119),
(43, 'Cameron Atkins', 53, 'egestas a, scelerisque sed, sapien. Nunc pulvinar arcu et pede. Nunc sed orci lobortis augue', 'Korea, South', 'neque.Morbi@arcueuodio.com', 8908426, 131),
(44, 'Bruce Farrell', 77, 'eget odio. Aliquam vulputate ullamcorper magna. Sed eu eros. Nam consequat dolor vitae dolor. Donec fringilla. Donec feugiat', 'Cocos (Keeling) Islands', 'natoque.penatibus.et@Nullamlobortis.co.uk', 1297762, 41),
(45, 'Adrian Mccall', 46, 'et, euismod et, commodo at, libero. Morbi accumsan laoreet ipsum. Curabitur consequat, lectus sit amet luctus', 'Morocco', 'eu@accumsanconvallisante.com', 7822340, 51),
(46, 'Richard Henson', 34, 'aliquet lobortis, nisi nibh lacinia orci, consectetuer euismod est arcu ac orci. Ut semper pretium', 'Eritrea', 'erat@Etiamvestibulummassa.org', 6778203, 18),
(47, 'Marsden Atkins', 79, 'vel, vulputate eu, odio. Phasellus at augue id ante dictum cursus. Nunc mauris elit, dictum eu, eleifend nec, malesuada', 'Marshall Islands', 'dictum.Proin.eget@Cum.net', 9768779, 85),
(48, 'Maxwell Mcintosh', 64, 'Suspendisse non leo. Vivamus nibh dolor, nonummy ac, feugiat non, lobortis', 'Croatia', 'dis.parturient.montes@Phasellusataugue.net', 4850427, 67),
(49, 'Wayne Oneill', 50, 'nisi a odio semper cursus. Integer mollis. Integer tincidunt aliquam arcu. Aliquam ultrices iaculis odio. Nam interdum enim non nisi.', 'Moldova', 'malesuada.vel@aliquetmolestietellus.net', 6618428, 94),
(50, 'Alfonso Nieves', 57, 'sed, hendrerit a, arcu. Sed et libero. Proin mi. Aliquam gravida mauris ut mi. Duis risus odio, auctor vitae,', 'Chad', 'vel@justoPraesentluctus.ca', 279631, 72),
(51, 'Kane Rhodes', 45, 'adipiscing elit. Curabitur sed tortor. Integer aliquam adipiscing lacus. Ut nec urna', 'Greece', 'orci.tincidunt@dapibusrutrum.ca', 3136925, 31),
(52, 'Jerome Conway', 80, 'vestibulum. Mauris magna. Duis dignissim tempor arcu. Vestibulum ut eros non enim commodo hendrerit. Donec', 'Saint Helena, Ascension and Tristan da Cunha', 'justo.nec.ante@etlibero.net', 73910, 11),
(53, 'Tiger Mcmahon', 56, 'nunc id enim. Curabitur massa. Vestibulum accumsan neque et nunc. Quisque ornare tortor at risus. Nunc ac sem ut', 'Falkland Islands', 'sapien@rhoncusid.edu', 9053631, 128),
(54, 'Peter Justice', 58, 'Donec elementum, lorem ut aliquam iaculis, lacus pede sagittis augue, eu tempor erat neque non quam. Pellentesque habitant', 'Mozambique', 'nunc.sed@euismodestarcu.ca', 7804385, 144),
(55, 'Hop Garrett', 66, 'Aenean sed pede nec ante blandit viverra. Donec tempus, lorem', 'Nigeria', 'egestas.Fusce.aliquet@Cras.org', 5323700, 25),
(56, 'Paki Levine', 89, 'in, dolor. Fusce feugiat. Lorem ipsum dolor sit amet, consectetuer adipiscing elit. Aliquam auctor, velit eget laoreet posuere, enim nisl', 'land Islands', 'et@Nuncut.co.uk', 8899819, 92),
(57, 'Declan Gay', 61, 'imperdiet dictum magna. Ut tincidunt orci quis lectus. Nullam suscipit, est ac facilisis facilisis, magna', 'Cuba', 'orci.luctus.et@egestasa.edu', 4598264, 22),
(58, 'Asher Petty', 66, 'dui lectus rutrum urna, nec luctus felis purus ac tellus. Suspendisse sed dolor. Fusce mi', 'Tonga', 'rutrum@Quisquelibero.ca', 1820263, 76),
(59, 'Dennis Martin', 53, 'posuere cubilia Curae, Phasellus ornare. Fusce mollis. Duis sit amet diam eu dolor egestas rhoncus. Proin', 'San Marino', 'ut.odio.vel@Nuncullamcorper.com', 1121695, 61),
(60, 'Stuart Baxter', 80, 'enim diam vel arcu. Curabitur ut odio vel est tempor', 'Nicaragua', 'lectus@magnaPraesent.co.uk', 8709139, 35),
(61, 'Owen Vargas', 66, 'pede, nonummy ut, molestie in, tempus eu, ligula. Aenean euismod mauris eu elit. Nulla facilisi.', 'Estonia', 'non.enim.Mauris@orciin.net', 1876503, 22),
(62, 'Aquila Wallace', 50, 'non, egestas a, dui. Cras pellentesque. Sed dictum. Proin eget odio.', 'Lebanon', 'Fusce.mollis.Duis@egetodio.org', 1795656, 38),
(63, 'Grant Sanford', 22, 'id, mollis nec, cursus a, enim. Suspendisse aliquet, sem ut cursus luctus, ipsum leo elementum sem, vitae', 'Western Sahara', 'non.sapien.molestie@Nullaaliquet.edu', 4845962, 44),
(64, 'Louis Summers', 39, 'eu tellus. Phasellus elit pede, malesuada vel, venenatis vel, faucibus id, libero. Donec consectetuer mauris id sapien.', 'Venezuela', 'elit.pharetra@estvitae.ca', 560828, 130),
(65, 'Garrison English', 82, 'nulla. Donec non justo. Proin non massa non ante bibendum ullamcorper. Duis', 'French Polynesia', 'fames@ac.co.uk', 4975897, 50),
(66, 'Nigel Buck', 69, 'ultricies dignissim lacus. Aliquam rutrum lorem ac risus. Morbi metus. Vivamus euismod urna. Nullam lobortis quam', 'Marshall Islands', 'nec.malesuada@ProindolorNulla.edu', 3704280, 150),
(67, 'Jesse Boyle', 78, 'molestie. Sed id risus quis diam luctus lobortis. Class aptent taciti sociosqu ad litora', 'Montenegro', 'pede.Cras.vulputate@dis.org', 8058169, 140),
(68, 'Paul Gillespie', 67, 'ipsum sodales purus, in molestie tortor nibh sit amet orci. Ut', 'Tanzania', 'dui.Fusce.diam@Loremipsum.ca', 4243572, 59),
(69, 'Ian Keller', 72, 'Nam consequat dolor vitae dolor. Donec fringilla. Donec feugiat metus sit amet ante. Vivamus non lorem', 'Brazil', 'vitae.orci@pharetra.com', 9474243, 130),
(70, 'Stuart Salazar', 65, 'tempus eu, ligula. Aenean euismod mauris eu elit. Nulla facilisi. Sed neque. Sed eget lacus.', 'Mongolia', 'iaculis.enim.sit@scelerisque.org', 7564545, 135),
(71, 'Jakeem Bass', 78, 'orci luctus et ultrices posuere cubilia Curae, Phasellus ornare. Fusce', 'Cape Verde', 'ornare.elit@eulacus.co.uk', 9551469, 95),
(72, 'Bernard Lang', 39, 'mauris ut mi. Duis risus odio, auctor vitae, aliquet nec, imperdiet nec, leo.', 'San Marino', 'ultricies.adipiscing@mattisvelitjusto.org', 7134121, 123),
(73, 'Benjamin Jacobson', 82, 'aliquam, enim nec tempus scelerisque, lorem ipsum sodales purus, in molestie tortor nibh sit amet orci. Ut sagittis', 'Angola', 'convallis.ante@Cumsociisnatoque.co.uk', 2788858, 110),
(74, 'Caldwell Harrington', 87, 'risus. Quisque libero lacus, varius et, euismod et, commodo at, libero. Morbi accumsan laoreet ipsum. Curabitur', 'Belgium', 'sapien.Aenean@feugiat.com', 2882890, 114),
(75, 'Prescott Hoover', 39, 'ac sem ut dolor dapibus gravida. Aliquam tincidunt, nunc ac mattis ornare, lectus ante dictum', 'Nepal', 'odio.vel@Etiam.co.uk', 2188290, 95),
(76, 'Matthew Livingston', 69, 'eu sem. Pellentesque ut ipsum ac mi eleifend egestas. Sed pharetra, felis eget', 'Heard Island and Mcdonald Islands', 'vitae.sodales.at@idblanditat.org', 2773156, 79),
(77, 'Wyatt Wilkins', 86, 'at lacus. Quisque purus sapien, gravida non, sollicitudin a, malesuada id, erat. Etiam vestibulum massa rutrum magna. Cras convallis', 'Reunion', 'ut@elitAliquam.ca', 7060314, 67),
(78, 'Kermit Wright', 89, 'molestie arcu. Sed eu nibh vulputate mauris sagittis placerat. Cras dictum ultricies ligula. Nullam enim.', 'Malawi', 'tempor.bibendum.Donec@ullamcorperviverraMaecenas.co.uk', 9250817, 83),
(79, 'Kenneth Brooks', 84, 'Nullam velit dui, semper et, lacinia vitae, sodales at, velit. Pellentesque ultricies dignissim lacus. Aliquam rutrum lorem ac risus. Morbi', 'Jersey', 'sodales.elit@antedictumcursus.edu', 530823, 44),
(80, 'Francis Petty', 51, 'mollis non, cursus non, egestas a, dui. Cras pellentesque. Sed dictum. Proin eget odio. Aliquam vulputate ullamcorper', 'Canada', 'laoreet.ipsum@luctus.co.uk', 6629180, 78),
(81, 'Brent Levy', 81, 'neque vitae semper egestas, urna justo faucibus lectus, a sollicitudin orci sem', 'French Guiana', 'sociosqu@loremeumetus.edu', 9447215, 38),
(82, 'Salvador Rivers', 71, 'Integer mollis. Integer tincidunt aliquam arcu. Aliquam ultrices iaculis odio. Nam interdum enim non nisi. Aenean', 'Bosnia and Herzegovina', 'orci@lorem.co.uk', 3631451, 27),
(83, 'Rooney Vang', 31, 'posuere vulputate, lacus. Cras interdum. Nunc sollicitudin commodo ipsum. Suspendisse non leo. Vivamus nibh', 'South Georgia and The South Sandwich Islands', 'Etiam@euturpis.ca', 2702648, 103),
(84, 'Rigel Phelps', 72, 'Quisque libero lacus, varius et, euismod et, commodo at, libero. Morbi accumsan', 'Bermuda', 'aliquet.libero@liberonec.net', 4919331, 33),
(85, 'Cruz Brewer', 45, 'Integer eu lacus. Quisque imperdiet, erat nonummy ultricies ornare, elit elit fermentum risus, at fringilla purus mauris', 'Colombia', 'viverra.Maecenas.iaculis@augue.com', 8426902, 133),
(86, 'Hiram Bartlett', 58, 'In faucibus. Morbi vehicula. Pellentesque tincidunt tempus risus. Donec egestas. Duis ac arcu. Nunc mauris. Morbi non sapien molestie', 'Cayman Islands', 'eget.metus.eu@quamquisdiam.net', 1021831, 31),
(87, 'Daniel Hogan', 64, 'Morbi quis urna. Nunc quis arcu vel quam dignissim pharetra. Nam ac nulla. In tincidunt congue turpis. In', 'Aruba', 'Vestibulum.ante.ipsum@diam.net', 8753375, 65),
(88, 'Roth Humphrey', 64, 'nibh. Aliquam ornare, libero at auctor ullamcorper, nisl arcu iaculis', 'Myanmar', 'imperdiet.dictum@dignissimtempor.ca', 9571219, 18),
(89, 'Cairo Orr', 52, 'eu dui. Cum sociis natoque penatibus et magnis dis parturient montes,', 'Guinea-Bissau', 'dui@vestibulumloremsit.co.uk', 5253056, 38),
(90, 'Warren Mullins', 37, 'sed tortor. Integer aliquam adipiscing lacus. Ut nec urna et', 'Czech Republic', 'in.aliquet.lobortis@consequat.edu', 8128933, 85),
(91, 'Deacon Weeks', 80, 'at, nisi. Cum sociis natoque penatibus et magnis dis parturient montes, nascetur ridiculus mus. Proin vel nisl.', 'Czech Republic', 'pede.nec.ante@liberoDonec.co.uk', 9485663, 44),
  (92, 'Justin Ramirez', 59, 'adipiscing fringilla, porttitor vulputate, posuere vulputate, lacus. Cras interdum. Nunc sollicitudin commodo ipsum. Suspendisse non', 'Mauritius', 'Donec@auguescelerisque.ca', 919844, 109),
  (93, 'Emmanuel Nelson', 51, 'aliquam iaculis, lacus pede sagittis augue, eu tempor erat neque non quam. Pellentesque habitant', 'Switzerland', 'adipiscing.fringilla@idblandit.edu', 3525192, 120),
  (94, 'Baxter Morgan', 27, 'placerat. Cras dictum ultricies ligula. Nullam enim. Sed nulla ante, iaculis nec, eleifend non, dapibus rutrum, justo. Praesent luctus.', 'Czech Republic', 'mollis@nibhDonecest.org', 680576, 106),
  (95, 'Gregory Warren', 20, 'elit. Nulla facilisi. Sed neque. Sed eget lacus. Mauris non dui nec urna suscipit nonummy. Fusce fermentum fermentum arcu. Vestibulum', 'Tokelau', 'posuere.cubilia@turpisNulla.ca', 3249721, 74),
  (96, 'Price Schmidt', 62, 'Nulla semper tellus id nunc interdum feugiat. Sed nec metus facilisis lorem tristique', 'South Sudan', 'at.iaculis@sociisnatoque.ca', 8694505, 79),
  (97, 'Steel Mccullough', 36, 'Duis volutpat nunc sit amet metus. Aliquam erat volutpat. Nulla', 'United States Minor Outlying Islands', 'est.mollis@adipiscingelit.co.uk', 1820381, 137),
  (98, 'Abdul Wilkerson', 52, 'Cum sociis natoque penatibus et magnis dis parturient montes, nascetur ridiculus', 'Uruguay', 'eget.massa.Suspendisse@placeratCras.edu', 7555109, 14),
  (99, 'Alec Shields', 22, 'ligula. Nullam enim. Sed nulla ante, iaculis nec, eleifend non,', 'Indonesia', 'leo.in.lobortis@dolor.co.uk', 2824738, 131),
  (100, 'Trevor Mayer', 63, 'vitae, erat. Vivamus nisi. Mauris nulla. Integer urna. Vivamus molestie dapibus ligula. Aliquam erat volutpat. Nulla dignissim. Maecenas', 'Japan', 'nisi@ipsum.net', 5236867, 74);


  /* User & Badge data */

INSERT INTO user_badge (ub_badge_id, ub_user_id) VALUES

  (1, 90), (1, 5), (1, 79), (2, 80), (1, 38), (1, 51), (1, 84), (1, 8), (2, 56), (1, 59), (1, 28), (1, 100), (1, 70), (1, 19), (1, 66), (2, 16), (1, 63), (1, 65), (1, 12), (1, 75),
  (1, 21), (2, 3), (1, 8), (1, 3), (1, 88), (1, 63), (1, 21), (2, 79), (1, 28), (2, 44), (1, 79), (2, 6), (2, 100), (1, 99), (2, 48), (1, 57), (1, 2), (1, 31), (2, 97), (2, 60), (2, 85),
  (1, 81), (2, 74), (2, 1), (2, 68), (2, 30), (2, 41), (2, 80), (2, 42), (1, 39), (2, 61), (1, 97), (2, 57), (2, 2), (1, 67), (2, 18), (1, 23), (1, 36), (1, 33), (2, 81), (1, 55), (1, 18),
  (1, 23), (2, 41), (2, 14), (2, 44), (2, 69), (2, 83), (2, 18), (1, 37), (1, 43), (2, 38), (2, 27), (2, 21), (2, 46), (1, 95), (1, 23), (1, 80), (2, 47), (2, 56), (2, 48), (2, 31), (1, 37),
  (2, 39), (1, 80), (2, 29), (2, 45), (1, 42), (1, 7), (1, 2), (2, 67), (1, 61), (1, 61), (1, 73), (1, 82), (2, 44), (1, 23), (2, 86), (2, 17), (2, 48);


  /* Question data */

INSERT INTO question (qs_id, qs_user_id, qs_name, qs_votes, qs_content) VALUES

  (1, 12, 'nulla. In tincidunt congue turpis. In', 98, 'sed pede. Cum sociis natoque penatibus et magnis dis parturient montes,  nascetur ridiculus mus. Proin vel arcu eu odio tristique pharetra. Quisque ac libero nec ligula consectetuer rhoncus.'),
  (2, 19, 'adipiscing fringilla,  porttitor vulputate,  posuere vulputate,  lacus. Cras interdum. Nunc', 97, 'non enim. Mauris quis turpis vitae purus gravida sagittis. Duis gravida. Praesent eu nulla at sem'),
  (3, 47, 'habitant morbi tristique senectus et', 61, 'egestas. Aliquam nec enim. Nunc ut erat. Sed nunc est,  mollis non,  cursus non,  egestas a, '),
  (4, 26, 'varius. Nam porttitor scelerisque neque. Nullam nisl.', 13, 'nulla at sem molestie sodales. Mauris blandit enim consequat purus. Maecenas libero est,  congue a,  aliquet vel,  vulputate eu,  odio. Phasellus at augue id ante dictum cursus.'),
  (5, 80, 'consectetuer ipsum nunc id enim. Curabitur massa. Vestibulum', 100, 'Suspendisse sed dolor. Fusce mi lorem,  vehicula et,  rutrum eu,  ultrices sit amet,  risus. Donec nibh enim,  gravida sit amet,  dapibus id,  blandit at,  nisi. Cum sociis natoque penatibus'),
  (6, 13, 'sollicitudin adipiscing ligula. Aenean gravida nunc sed pede. Cum', 24, 'dolor quam,  elementum at,  egestas a,  scelerisque sed,  sapien. Nunc pulvinar arcu'),
  (7, 87, 'tempus,  lorem fringilla ornare placerat,  orci lacus vestibulum lorem, ', 56, 'et magnis dis parturient montes,  nascetur ridiculus mus. Donec dignissim magna a tortor. Nunc commodo'),
  (8, 96, 'quam vel sapien imperdiet ornare. In faucibus. Morbi', 63, 'dui. Cum sociis natoque penatibus et magnis dis parturient montes,  nascetur ridiculus mus.'),
  (9, 7, 'non enim commodo hendrerit. Donec porttitor tellus non magna. Nam', 87, 'Proin dolor. Nulla semper tellus id nunc interdum feugiat. Sed nec metus facilisis lorem tristique aliquet. Phasellus fermentum convallis'),
  (10, 40, 'semper cursus. Integer mollis. Integer tincidunt aliquam arcu. Aliquam', 1, 'blandit enim consequat purus. Maecenas libero est,  congue a,  aliquet vel,  vulputate eu,  odio. Phasellus'),
  (11, 26, 'bibendum. Donec felis orci,  adipiscing non,  luctus sit', 40, 'Class aptent taciti sociosqu ad litora torquent per conubia nostra,  per inceptos hymenaeos. Mauris ut quam vel sapien imperdiet ornare. In faucibus. Morbi vehicula. Pellentesque tincidunt tempus risus. Donec'),
  (12, 46, 'Phasellus dolor elit,  pellentesque a,  facilisis non,  bibendum', 38, 'aliquam arcu. Aliquam ultrices iaculis odio. Nam interdum enim non nisi. Aenean eget metus. In nec orci. Donec nibh. Quisque nonummy ipsum non'),
  (13, 7, 'Nullam ut nisi a odio semper', 48, 'non enim commodo hendrerit. Donec porttitor tellus non magna. Nam ligula elit,  pretium et,  rutrum non,  hendrerit id,  ante. Nunc mauris sapien,  cursus in, '),
  (14, 17, 'sollicitudin commodo ipsum. Suspendisse non leo.', 27, 'egestas. Aliquam nec enim. Nunc ut erat. Sed nunc est,  mollis non,  cursus non,  egestas a,  dui. Cras pellentesque. Sed dictum. Proin eget odio. Aliquam vulputate ullamcorper'),
  (15, 25, 'netus et malesuada fames ac', 34, 'aliquet odio. Etiam ligula tortor,  dictum eu,  placerat eget,  venenatis a,  magna. Lorem ipsum dolor sit amet,  consectetuer adipiscing elit. Etiam laoreet, '),
  (16, 65, 'velit in aliquet lobortis,  nisi nibh lacinia orci,  consectetuer euismod', 23, 'vestibulum massa rutrum magna. Cras convallis convallis dolor. Quisque tincidunt pede ac urna. Ut tincidunt vehicula risus.'),
  (17, 92, 'fringilla cursus purus. Nullam scelerisque neque', 35, 'nisi. Cum sociis natoque penatibus et magnis dis parturient montes,  nascetur'),
  (18, 98, 'purus. Nullam scelerisque neque sed sem egestas blandit. Nam', 23, 'in,  tempus eu,  ligula. Aenean euismod mauris eu elit. Nulla facilisi. Sed neque. Sed eget lacus. Mauris non dui nec'),
  (19, 14, 'turpis nec mauris blandit mattis. Cras eget nisi dictum augue', 86, 'tincidunt pede ac urna. Ut tincidunt vehicula risus. Nulla eget metus eu erat semper rutrum. Fusce dolor quam,  elementum at, '),
  (20, 65, 'felis ullamcorper viverra. Maecenas iaculis aliquet diam. Sed diam', 71, 'tincidunt dui augue eu tellus. Phasellus elit pede,  malesuada vel,  venenatis vel,  faucibus id,  libero. Donec consectetuer mauris id sapien. Cras dolor dolor,  tempus non,  lacinia at,  iaculis quis, '),
  (21, 45, 'risus. Donec egestas. Duis ac arcu. Nunc', 62, 'eu dui. Cum sociis natoque penatibus et magnis dis parturient montes,  nascetur ridiculus mus. Aenean eget magna. Suspendisse tristique neque venenatis lacus. Etiam bibendum fermentum metus.'),
  (22, 52, 'sodales purus,  in molestie tortor nibh sit', 92, 'Curabitur ut odio vel est tempor bibendum. Donec felis orci,  adipiscing non,  luctus sit amet,  faucibus ut, '),
  (23, 79, 'nibh dolor,  nonummy ac,  feugiat non,  lobortis quis, ', 37, 'mattis. Cras eget nisi dictum augue malesuada malesuada. Integer id magna et'),
  (24, 42, 'Phasellus libero mauris,  aliquam eu,  accumsan', 3, 'Nullam enim. Sed nulla ante,  iaculis nec,  eleifend non,  dapibus'),
  (25, 40, 'Integer vitae nibh. Donec est', 59, 'iaculis nec,  eleifend non,  dapibus rutrum,  justo. Praesent luctus. Curabitur egestas nunc sed libero. Proin sed turpis nec mauris blandit mattis. Cras eget'),
  (26, 20, 'in,  cursus et,  eros. Proin ultrices. Duis volutpat nunc', 93, 'magnis dis parturient montes,  nascetur ridiculus mus. Proin vel arcu eu odio tristique pharetra. Quisque ac libero nec ligula consectetuer'),
  (27, 93, 'massa non ante bibendum ullamcorper. Duis', 84, 'cursus. Integer mollis. Integer tincidunt aliquam arcu. Aliquam ultrices iaculis odio. Nam interdum enim non nisi. Aenean eget metus. In'),
  (28, 37, 'Nullam enim. Sed nulla ante,  iaculis nec, ', 11, 'pede sagittis augue,  eu tempor erat neque non quam. Pellentesque habitant morbi tristique senectus et netus'),
  (29, 32, 'elit pede,  malesuada vel,  venenatis vel, ', 65, 'dictum augue malesuada malesuada. Integer id magna et ipsum cursus vestibulum. Mauris magna.'),
  (30, 22, 'In condimentum. Donec at arcu. Vestibulum ante', 56, 'feugiat tellus lorem eu metus. In lorem. Donec elementum,  lorem ut aliquam iaculis, '),
  (31, 22, 'diam lorem,  auctor quis,  tristique ac,  eleifend vitae,  erat. Vivamus', 35, 'sed,  facilisis vitae,  orci. Phasellus dapibus quam quis diam. Pellentesque habitant morbi tristique senectus et netus et malesuada fames ac turpis egestas. Fusce aliquet magna a neque. Nullam ut'),
  (32, 99, 'vitae,  posuere at,  velit. Cras lorem', 18, 'odio a purus. Duis elementum,  dui quis accumsan convallis,  ante lectus convallis est,  vitae sodales nisi magna sed dui. Fusce aliquam,  enim nec tempus scelerisque,  lorem'),
  (33, 82, 'Nullam vitae diam. Proin dolor. Nulla', 2, 'Cras interdum. Nunc sollicitudin commodo ipsum. Suspendisse non leo. Vivamus nibh dolor,  nonummy'),
  (34, 34, 'erat vitae risus. Duis a mi fringilla mi lacinia', 26, 'vitae velit egestas lacinia. Sed congue,  elit sed consequat auctor,  nunc nulla vulputate dui,  nec tempus mauris'),
  (35, 60, 'malesuada fames ac turpis egestas. Aliquam', 46, 'Nunc sed orci lobortis augue scelerisque mollis. Phasellus libero mauris, '),
  (36, 36, 'nisl. Nulla eu neque pellentesque massa lobortis', 7, 'nisi magna sed dui. Fusce aliquam,  enim nec tempus scelerisque,  lorem ipsum sodales'),
  (37, 16, 'feugiat tellus lorem eu metus.', 11, 'Curabitur dictum. Phasellus in felis. Nulla tempor augue ac ipsum. Phasellus vitae mauris sit amet lorem semper auctor.'),
  (38, 70, 'cubilia Curae,  Donec tincidunt. Donec vitae erat vel', 76, 'Mauris vel turpis. Aliquam adipiscing lobortis risus. In mi pede,  nonummy ut,  molestie in,  tempus eu,  ligula. Aenean euismod mauris eu elit. Nulla facilisi. Sed neque. Sed eget lacus.'),
  (39, 56, 'Sed nulla ante,  iaculis nec,  eleifend non,  dapibus rutrum, ', 4, 'et arcu imperdiet ullamcorper. Duis at lacus. Quisque purus sapien,  gravida non,  sollicitudin a,  malesuada id,  erat. Etiam vestibulum'),
  (40, 54, 'hendrerit neque. In ornare sagittis felis. Donec tempor,  est ac', 59, 'tempus scelerisque,  lorem ipsum sodales purus,  in molestie tortor nibh sit amet orci. Ut sagittis lobortis mauris. Suspendisse'),
  (41, 54, 'quam. Curabitur vel lectus. Cum sociis natoque penatibus et', 28, 'feugiat nec,  diam. Duis mi enim,  condimentum eget,  volutpat ornare,  facilisis eget,  ipsum. Donec sollicitudin adipiscing ligula. Aenean gravida nunc sed pede.'),
  (42, 3, 'ac mattis semper,  dui lectus rutrum urna,  nec', 98, 'vel nisl. Quisque fringilla euismod enim. Etiam gravida molestie arcu. Sed eu nibh vulputate mauris sagittis'),
  (43, 30, 'odio vel est tempor bibendum. Donec felis orci,  adipiscing', 21, 'erat. Etiam vestibulum massa rutrum magna. Cras convallis convallis dolor. Quisque tincidunt pede ac urna. Ut tincidunt vehicula risus. Nulla eget metus eu erat semper rutrum. Fusce dolor quam,  elementum'),
  (44, 1, 'sed turpis nec mauris blandit mattis. Cras eget nisi dictum', 26, 'quis diam luctus lobortis. Class aptent taciti sociosqu ad litora torquent per conubia nostra,  per inceptos hymenaeos. Mauris ut quam vel sapien imperdiet ornare. In faucibus.'),
  (45, 52, 'diam at pretium aliquet,  metus urna convallis erat,  eget tincidunt', 15, 'ullamcorper viverra. Maecenas iaculis aliquet diam. Sed diam lorem,  auctor quis,  tristique ac,  eleifend vitae,  erat. Vivamus nisi. Mauris'),
  (46, 35, 'Aenean massa. Integer vitae nibh. Donec est mauris,  rhoncus', 20, 'Quisque fringilla euismod enim. Etiam gravida molestie arcu. Sed eu nibh vulputate mauris sagittis placerat. Cras dictum ultricies ligula. Nullam enim. Sed nulla ante,  iaculis nec,  eleifend non,  dapibus'),
  (47, 74, 'mollis nec,  cursus a,  enim. Suspendisse aliquet,  sem', 69, 'diam. Sed diam lorem,  auctor quis,  tristique ac,  eleifend vitae,  erat. Vivamus nisi. Mauris nulla.'),
  (48, 16, 'lorem semper auctor. Mauris vel', 100, 'leo,  in lobortis tellus justo sit amet nulla. Donec non justo. Proin non massa non ante bibendum ullamcorper. Duis cursus,  diam at pretium aliquet,  metus'),
  (49, 91, 'Nunc laoreet lectus quis massa. Mauris vestibulum,  neque', 55, 'molestie tellus. Aenean egestas hendrerit neque. In ornare sagittis felis. Donec tempor,  est ac mattis semper,  dui lectus rutrum urna,  nec luctus felis purus ac tellus. Suspendisse'),
  (50, 74, 'Mauris vestibulum,  neque sed dictum eleifend,  nunc risus', 75, 'ac libero nec ligula consectetuer rhoncus. Nullam velit dui,  semper et,  lacinia vitae,  sodales at,  velit. Pellentesque ultricies dignissim lacus. Aliquam rutrum'),
  (51, 89, 'Aliquam fringilla cursus purus. Nullam scelerisque neque sed sem', 86, 'rutrum non,  hendrerit id,  ante. Nunc mauris sapien,  cursus in,  hendrerit consectetuer,  cursus et,  magna. Praesent'),
  (52, 71, 'nibh dolor,  nonummy ac,  feugiat non, ', 18, 'ut lacus. Nulla tincidunt,  neque vitae semper egestas,  urna justo faucibus lectus,  a sollicitudin orci sem eget massa. Suspendisse eleifend. Cras sed leo. Cras vehicula'),
  (53, 51, 'tortor at risus. Nunc ac sem', 70, 'nunc,  ullamcorper eu,  euismod ac,  fermentum vel,  mauris. Integer sem elit,  pharetra ut,  pharetra sed,  hendrerit a,  arcu. Sed et libero. Proin mi. Aliquam gravida mauris ut mi. Duis risus'),
  (54, 26, 'hendrerit a,  arcu. Sed et libero. Proin mi. Aliquam', 51, 'fames ac turpis egestas. Aliquam fringilla cursus purus. Nullam scelerisque neque sed sem egestas blandit. Nam nulla magna,  malesuada vel,  convallis in,  cursus et,  eros. Proin ultrices.'),
  (55, 4, 'velit dui,  semper et,  lacinia vitae,  sodales at,  velit. Pellentesque', 66, 'odio. Phasellus at augue id ante dictum cursus. Nunc mauris elit, '),
  (56, 7, 'tempor diam dictum sapien. Aenean', 10, 'ullamcorper eu,  euismod ac,  fermentum vel,  mauris. Integer sem elit,  pharetra ut,  pharetra sed,  hendrerit a,  arcu.'),
  (57, 45, 'In faucibus. Morbi vehicula. Pellentesque tincidunt tempus risus. Donec', 54, 'laoreet ipsum. Curabitur consequat,  lectus sit amet luctus vulputate,  nisi sem semper erat,  in consectetuer ipsum nunc'),
  (58, 38, 'imperdiet ullamcorper. Duis at lacus. Quisque purus sapien, ', 41, 'justo faucibus lectus,  a sollicitudin orci sem eget massa. Suspendisse eleifend. Cras sed leo. Cras vehicula aliquet'),
  (59, 68, 'non ante bibendum ullamcorper. Duis cursus,  diam at', 86, 'ultricies ligula. Nullam enim. Sed nulla ante,  iaculis nec,  eleifend non,  dapibus rutrum,  justo. Praesent luctus. Curabitur egestas nunc sed libero. Proin sed turpis nec mauris blandit'),
  (60, 48, 'eu tellus. Phasellus elit pede, ', 30, 'tempor augue ac ipsum. Phasellus vitae mauris sit amet lorem semper auctor. Mauris vel turpis. Aliquam adipiscing lobortis risus. In mi pede,  nonummy ut,  molestie in,  tempus'),
  (61, 26, 'Phasellus ornare. Fusce mollis. Duis sit amet', 43, 'enim. Sed nulla ante,  iaculis nec,  eleifend non,  dapibus rutrum,  justo. Praesent luctus. Curabitur egestas nunc'),
  (62, 55, 'Nulla tincidunt,  neque vitae semper egestas,  urna justo faucibus', 49, 'ac mattis velit justo nec ante. Maecenas mi felis,  adipiscing fringilla,  porttitor vulputate,  posuere vulputate,  lacus. Cras'),
  (63, 70, 'tellus sem mollis dui,  in sodales elit', 4, 'amet nulla. Donec non justo. Proin non massa non ante bibendum ullamcorper. Duis cursus,  diam'),
  (64, 26, 'massa. Quisque porttitor eros nec tellus. Nunc lectus pede,  ultrices', 38, 'eget nisi dictum augue malesuada malesuada. Integer id magna et ipsum cursus vestibulum. Mauris magna. Duis dignissim tempor arcu. Vestibulum'),
  (65, 85, 'Quisque porttitor eros nec tellus. Nunc lectus pede, ', 22, 'neque et nunc. Quisque ornare tortor at risus. Nunc ac sem ut dolor dapibus gravida. Aliquam tincidunt,  nunc ac mattis'),
  (66, 9, 'sit amet,  dapibus id,  blandit at,  nisi. Cum sociis natoque', 38, 'rutrum eu,  ultrices sit amet,  risus. Donec nibh enim,  gravida sit amet,  dapibus id,  blandit at,  nisi. Cum sociis'),
  (67, 38, 'diam luctus lobortis. Class aptent taciti sociosqu', 75, 'nunc ac mattis ornare,  lectus ante dictum mi,  ac mattis velit justo nec ante. Maecenas mi felis, '),
  (68, 17, 'vehicula aliquet libero. Integer in magna. Phasellus dolor elit,  pellentesque', 79, 'lacus. Nulla tincidunt,  neque vitae semper egestas,  urna justo faucibus lectus,  a sollicitudin orci sem eget massa. Suspendisse eleifend. Cras sed leo. Cras vehicula aliquet libero. Integer'),
  (69, 26, 'eget magna. Suspendisse tristique neque venenatis lacus.', 60, 'iaculis odio. Nam interdum enim non nisi. Aenean eget metus. In nec orci. Donec'),
  (70, 23, 'commodo hendrerit. Donec porttitor tellus', 88, 'consectetuer adipiscing elit. Etiam laoreet,  libero et tristique pellentesque,  tellus sem mollis dui,  in sodales elit erat vitae risus. Duis a mi'),
  (71, 21, 'amet ultricies sem magna nec quam. Curabitur vel', 98, 'a,  scelerisque sed,  sapien. Nunc pulvinar arcu et pede. Nunc sed orci lobortis augue scelerisque mollis. Phasellus libero mauris,  aliquam eu,  accumsan sed,  facilisis'),
  (72, 78, 'ornare sagittis felis. Donec tempor,  est', 21, 'erat vel pede blandit congue. In scelerisque scelerisque dui. Suspendisse ac metus vitae velit egestas lacinia. Sed congue,  elit sed consequat auctor,  nunc nulla vulputate dui, '),
  (73, 52, 'odio vel est tempor bibendum. Donec felis orci,  adipiscing', 67, 'lobortis risus. In mi pede,  nonummy ut,  molestie in,  tempus eu,  ligula. Aenean euismod mauris eu elit. Nulla facilisi. Sed neque. Sed eget lacus. Mauris'),
  (74, 30, 'non,  sollicitudin a,  malesuada id,  erat. Etiam vestibulum massa', 51, 'augue eu tellus. Phasellus elit pede,  malesuada vel,  venenatis vel,  faucibus'),
  (75, 59, 'non,  luctus sit amet,  faucibus ut,  nulla. Cras', 10, 'dapibus rutrum,  justo. Praesent luctus. Curabitur egestas nunc sed libero. Proin sed turpis nec mauris blandit mattis. Cras eget nisi dictum augue malesuada malesuada. Integer id magna et ipsum cursus'),
  (76, 32, 'neque venenatis lacus. Etiam bibendum fermentum metus. Aenean sed pede', 8, 'sed pede nec ante blandit viverra. Donec tempus,  lorem fringilla ornare placerat,  orci lacus vestibulum lorem,  sit amet ultricies'),
  (77, 62, 'aliquet libero. Integer in magna. Phasellus dolor elit, ', 90, 'sapien molestie orci tincidunt adipiscing. Mauris molestie pharetra nibh. Aliquam ornare,  libero at auctor ullamcorper,  nisl arcu iaculis enim,  sit amet ornare lectus justo eu arcu. Morbi sit amet'),
  (78, 34, 'feugiat tellus lorem eu metus. In lorem.', 48, 'fringilla mi lacinia mattis. Integer eu lacus. Quisque imperdiet,  erat nonummy ultricies ornare,  elit elit fermentum risus,  at fringilla purus mauris a nunc. In at pede. Cras vulputate velit eu'),
  (79, 61, 'pede,  nonummy ut,  molestie in,  tempus eu,  ligula. Aenean euismod', 47, 'faucibus orci luctus et ultrices posuere cubilia Curae,  Donec tincidunt. Donec vitae erat vel pede blandit congue. In scelerisque scelerisque dui. Suspendisse ac metus vitae velit egestas lacinia.'),
  (80, 46, 'aliquet odio. Etiam ligula tortor,  dictum eu,  placerat', 12, 'pellentesque,  tellus sem mollis dui,  in sodales elit erat vitae risus. Duis a mi fringilla mi lacinia mattis. Integer eu lacus. Quisque imperdiet,  erat'),
  (81, 51, 'dapibus gravida. Aliquam tincidunt,  nunc ac mattis', 17, 'arcu imperdiet ullamcorper. Duis at lacus. Quisque purus sapien,  gravida'),
  (82, 85, 'vel quam dignissim pharetra. Nam ac nulla. In', 95, 'urna. Ut tincidunt vehicula risus. Nulla eget metus eu erat semper rutrum. Fusce dolor quam,  elementum at,  egestas a,  scelerisque sed,  sapien. Nunc pulvinar arcu et'),
  (83, 59, 'tincidunt aliquam arcu. Aliquam ultrices iaculis odio. Nam', 57, 'Vivamus nibh dolor,  nonummy ac,  feugiat non,  lobortis quis,  pede. Suspendisse dui. Fusce diam nunc,  ullamcorper eu,  euismod ac,  fermentum vel,  mauris. Integer sem elit,  pharetra ut,  pharetra'),
  (84, 70, 'dignissim lacus. Aliquam rutrum lorem', 32, 'Fusce fermentum fermentum arcu. Vestibulum ante ipsum primis in faucibus orci luctus et ultrices posuere cubilia'),
  (85, 28, 'ut aliquam iaculis,  lacus pede', 92, 'cursus a,  enim. Suspendisse aliquet,  sem ut cursus luctus,  ipsum leo elementum sem,  vitae aliquam eros turpis non enim. Mauris quis turpis'),
  (86, 78, 'dolor. Fusce mi lorem,  vehicula et,  rutrum eu, ', 27, 'enim diam vel arcu. Curabitur ut odio vel est tempor bibendum. Donec felis'),
  (87, 66, 'enim. Etiam imperdiet dictum magna. Ut tincidunt orci quis', 86, 'ac,  feugiat non,  lobortis quis,  pede. Suspendisse dui. Fusce diam nunc,  ullamcorper eu,  euismod ac,  fermentum vel,  mauris. Integer'),
  (88, 97, 'consequat auctor,  nunc nulla vulputate dui,  nec tempus', 69, 'sodales nisi magna sed dui. Fusce aliquam,  enim nec tempus scelerisque,  lorem ipsum sodales purus,  in molestie tortor nibh sit amet orci. Ut sagittis lobortis mauris. Suspendisse aliquet molestie'),
  (89, 86, 'adipiscing non,  luctus sit amet,  faucibus ut,  nulla.', 39, 'mattis ornare,  lectus ante dictum mi,  ac mattis velit justo nec ante. Maecenas mi'),
  (90, 57, 'mauris eu elit. Nulla facilisi. Sed neque. Sed eget', 45, 'tincidunt tempus risus. Donec egestas. Duis ac arcu. Nunc mauris. Morbi non sapien molestie orci tincidunt adipiscing. Mauris molestie pharetra nibh. Aliquam ornare,  libero at auctor ullamcorper,  nisl'),
  (91, 8, 'Cras eget nisi dictum augue', 32, 'Suspendisse dui. Fusce diam nunc,  ullamcorper eu,  euismod ac,  fermentum vel,  mauris. Integer sem elit,  pharetra ut,  pharetra sed,  hendrerit a, '),
  (92, 11, 'arcu. Nunc mauris. Morbi non', 9, 'tortor at risus. Nunc ac sem ut dolor dapibus gravida. Aliquam tincidunt,  nunc'),
  (93, 19, 'ante dictum cursus. Nunc mauris elit,  dictum eu, ', 30, 'consequat dolor vitae dolor. Donec fringilla. Donec feugiat metus sit amet ante. Vivamus non lorem vitae odio sagittis semper. Nam tempor diam dictum sapien. Aenean massa. Integer vitae nibh.'),
  (94, 32, 'Proin ultrices. Duis volutpat nunc sit amet', 50, 'metus. Aliquam erat volutpat. Nulla facilisis. Suspendisse commodo tincidunt nibh. Phasellus nulla. Integer vulputate,  risus a ultricies adipiscing,  enim mi tempor lorem,  eget mollis lectus pede et risus.'),
  (95, 52, 'vitae aliquam eros turpis non enim. Mauris quis turpis vitae', 15, 'tincidunt dui augue eu tellus. Phasellus elit pede,  malesuada vel,  venenatis vel,  faucibus id,  libero. Donec consectetuer mauris id sapien.'),
  (96, 93, 'pharetra ut,  pharetra sed,  hendrerit a,  arcu. Sed', 68, 'eget,  venenatis a,  magna. Lorem ipsum dolor sit amet,  consectetuer adipiscing elit. Etiam laoreet,  libero et tristique pellentesque,  tellus'),
  (97, 90, 'euismod enim. Etiam gravida molestie arcu. Sed eu nibh vulputate', 100, 'nibh. Quisque nonummy ipsum non arcu. Vivamus sit amet risus. Donec egestas. Aliquam nec enim. Nunc ut erat. Sed nunc est,  mollis non,  cursus non,  egestas a, '),
  (98, 37, 'pretium aliquet,  metus urna convallis', 51, 'auctor. Mauris vel turpis. Aliquam adipiscing lobortis risus. In mi'),
  (99, 43, 'et ultrices posuere cubilia Curae,  Phasellus ornare. Fusce', 82, 'neque et nunc. Quisque ornare tortor at risus. Nunc ac sem ut dolor'),
  (100, 41, 'ante ipsum primis in faucibus orci luctus', 52, 'Phasellus libero mauris,  aliquam eu,  accumsan sed,  facilisis vitae,  orci. Phasellus dapibus quam quis diam. Pellentesque habitant morbi tristique senectus et netus et malesuada fames');


  /* Comment data */

INSERT INTO comment (cm_id, cm_user_id, cm_question_id, cm_content) VALUES

  (1, 63, 9, 'Fusce mi lorem, vehicula et, rutrum eu, ultrices sit amet, risus. Donec nibh enim, gravida sit amet, dapibus'),
  (2, 100, 10, 'Curabitur sed tortor. Integer aliquam adipiscing lacus. Ut nec urna et arcu imperdiet ullamcorper. Duis at lacus. Quisque purus sapien, gravida non, sollicitudin a, malesuada'),
  (3, 37, 7, 'vitae erat vel pede blandit congue. In scelerisque scelerisque dui. Suspendisse ac metus vitae velit egestas lacinia. Sed congue, elit sed consequat auctor, nunc nulla vulputate dui, nec tempus mauris'),
  (4, 84, 10, 'ac risus. Morbi metus. Vivamus euismod urna. Nullam lobortis quam a felis ullamcorper viverra.'),
  (5, 43, 7, 'arcu. Sed eu nibh vulputate mauris sagittis placerat. Cras dictum ultricies ligula. Nullam enim. Sed nulla ante, iaculis nec, eleifend non, dapibus rutrum,'),
  (6, 93, 2, 'amet, faucibus ut, nulla. Cras eu tellus eu augue porttitor interdum. Sed auctor odio a purus. Duis elementum, dui quis accumsan convallis, ante lectus convallis'),
  (7, 38, 4, 'eu nibh vulputate mauris sagittis placerat. Cras dictum ultricies ligula. Nullam enim. Sed nulla ante, iaculis nec, eleifend non, dapibus rutrum, justo. Praesent luctus.'),
  (8, 28, 9, 'tortor. Nunc commodo auctor velit. Aliquam nisl. Nulla eu neque pellentesque massa lobortis ultrices. Vivamus rhoncus.'),
  (9, 1, 3, 'adipiscing elit. Curabitur sed tortor. Integer aliquam adipiscing lacus. Ut nec urna et arcu imperdiet ullamcorper. Duis at lacus.'),
  (10, 99, 3, 'imperdiet, erat nonummy ultricies ornare, elit elit fermentum risus, at fringilla purus mauris a nunc. In at pede.'),
  (11, 93, 9, 'libero. Donec consectetuer mauris id sapien. Cras dolor dolor, tempus non, lacinia at, iaculis quis, pede. Praesent eu dui. Cum sociis natoque penatibus et'),
  (12, 1, 9, 'eget ipsum. Suspendisse sagittis. Nullam vitae diam. Proin dolor. Nulla semper tellus id nunc interdum feugiat. Sed nec metus facilisis lorem tristique aliquet. Phasellus'),
  (13, 19, 9, 'nec mauris blandit mattis. Cras eget nisi dictum augue malesuada malesuada. Integer id magna et ipsum cursus vestibulum. Mauris magna. Duis'),
  (14, 17, 4, 'eu tempor erat neque non quam. Pellentesque habitant morbi tristique senectus et netus et malesuada fames ac turpis egestas. Aliquam fringilla cursus purus. Nullam scelerisque neque'),
  (15, 11, 3, 'nibh. Donec est mauris, rhoncus id, mollis nec, cursus a, enim. Suspendisse aliquet, sem ut'),
  (16, 72, 2, 'in magna. Phasellus dolor elit, pellentesque a, facilisis non, bibendum sed, est. Nunc laoreet lectus quis massa.'),
  (17, 95, 8, 'mollis non, cursus non, egestas a, dui. Cras pellentesque. Sed dictum. Proin eget'),
  (18, 33, 1, 'adipiscing non, luctus sit amet, faucibus ut, nulla. Cras eu tellus eu augue porttitor interdum. Sed auctor'),
  (19, 77, 3, 'orci tincidunt adipiscing. Mauris molestie pharetra nibh. Aliquam ornare, libero at auctor ullamcorper, nisl arcu iaculis enim, sit amet ornare'),
  (20, 9, 5, 'lobortis quis, pede. Suspendisse dui. Fusce diam nunc, ullamcorper eu, euismod ac, fermentum vel, mauris. Integer sem elit, pharetra ut,'),
  (21, 10, 4, 'sit amet ultricies sem magna nec quam. Curabitur vel lectus. Cum'),
  (22, 94, 6, 'magna tellus faucibus leo, in lobortis tellus justo sit amet nulla.'),
  (23, 69, 10, 'interdum. Nunc sollicitudin commodo ipsum. Suspendisse non leo. Vivamus nibh dolor, nonummy ac, feugiat non, lobortis quis, pede. Suspendisse dui. Fusce'),
  (24, 78, 7, 'ac risus. Morbi metus. Vivamus euismod urna. Nullam lobortis quam a felis ullamcorper viverra. Maecenas iaculis aliquet diam. Sed diam lorem,'),
  (25, 40, 6, 'lacus. Ut nec urna et arcu imperdiet ullamcorper. Duis at'),
  (26, 92, 8, 'ridiculus mus. Proin vel arcu eu odio tristique pharetra. Quisque ac libero nec ligula'),
  (27, 32, 2, 'vel quam dignissim pharetra. Nam ac nulla. In tincidunt congue turpis. In condimentum. Donec at arcu. Vestibulum ante ipsum primis'),
  (28, 39, 3, 'ornare, elit elit fermentum risus, at fringilla purus mauris a nunc. In at pede. Cras vulputate velit eu sem.'),
  (29, 66, 2, 'lacinia. Sed congue, elit sed consequat auctor, nunc nulla vulputate dui, nec tempus mauris erat eget ipsum.'),
  (30, 67, 10, 'morbi tristique senectus et netus et malesuada fames ac turpis egestas. Fusce aliquet magna a neque. Nullam ut nisi a odio semper cursus. Integer'),
  (31, 32, 8, 'Curae; Donec tincidunt. Donec vitae erat vel pede blandit congue. In scelerisque scelerisque dui. Suspendisse ac metus vitae velit egestas lacinia. Sed congue, elit sed consequat'),
  (32, 16, 9, 'gravida. Aliquam tincidunt, nunc ac mattis ornare, lectus ante dictum mi,'),
  (33, 9, 4, 'vestibulum nec, euismod in, dolor. Fusce feugiat. Lorem ipsum dolor sit amet, consectetuer adipiscing elit. Aliquam auctor,'),
  (34, 51, 4, 'ac mi eleifend egestas. Sed pharetra, felis eget varius ultrices, mauris ipsum porta elit, a feugiat tellus lorem eu metus.'),
  (35, 98, 10, 'risus, at fringilla purus mauris a nunc. In at pede. Cras vulputate velit eu sem. Pellentesque ut ipsum ac mi eleifend'),
  (36, 76, 8, 'pellentesque eget, dictum placerat, augue. Sed molestie. Sed id risus quis diam luctus lobortis.'),
  (37, 72, 5, 'vulputate dui, nec tempus mauris erat eget ipsum. Suspendisse sagittis. Nullam vitae'),
  (38, 66, 8, 'natoque penatibus et magnis dis parturient montes, nascetur ridiculus mus. Donec'),
  (39, 26, 9, 'non enim commodo hendrerit. Donec porttitor tellus non magna. Nam ligula elit, pretium et, rutrum non, hendrerit id, ante. Nunc mauris sapien, cursus in,'),
  (40, 82, 8, 'sed libero. Proin sed turpis nec mauris blandit mattis. Cras eget nisi dictum augue'),
  (41, 87, 7, 'dui. Fusce aliquam, enim nec tempus scelerisque, lorem ipsum sodales purus, in molestie tortor nibh sit amet orci. Ut sagittis lobortis mauris. Suspendisse aliquet molestie tellus. Aenean egestas hendrerit'),
  (42, 42, 4, 'montes, nascetur ridiculus mus. Aenean eget magna. Suspendisse tristique neque venenatis lacus. Etiam bibendum fermentum metus. Aenean'),
  (43, 45, 5, 'Vestibulum accumsan neque et nunc. Quisque ornare tortor at risus. Nunc ac sem ut dolor dapibus gravida. Aliquam tincidunt, nunc ac'),
  (44, 76, 9, 'gravida. Praesent eu nulla at sem molestie sodales. Mauris blandit enim consequat purus. Maecenas libero est, congue a, aliquet vel, vulputate eu, odio. Phasellus at augue'),
  (45, 14, 8, 'posuere at, velit. Cras lorem lorem, luctus ut, pellentesque eget, dictum placerat, augue. Sed molestie. Sed id risus quis diam luctus lobortis. Class aptent taciti sociosqu'),
  (46, 32, 8, 'blandit mattis. Cras eget nisi dictum augue malesuada malesuada. Integer id magna et ipsum cursus vestibulum. Mauris magna. Duis dignissim tempor arcu. Vestibulum ut eros non enim commodo hendrerit. Donec'),
  (47, 55, 10, 'lorem ipsum sodales purus, in molestie tortor nibh sit amet orci. Ut sagittis lobortis mauris. Suspendisse'),
  (48, 25, 6, 'sociosqu ad litora torquent per conubia nostra, per inceptos hymenaeos. Mauris ut quam vel sapien imperdiet ornare. In faucibus. Morbi vehicula. Pellentesque tincidunt tempus risus. Donec egestas. Duis ac arcu.'),
  (49, 73, 5, 'Nunc ac sem ut dolor dapibus gravida. Aliquam tincidunt, nunc ac mattis ornare, lectus ante dictum mi, ac mattis velit justo nec ante. Maecenas mi felis, adipiscing fringilla,'),
  (50, 25, 5, 'ac facilisis facilisis, magna tellus faucibus leo, in lobortis tellus justo sit amet nulla. Donec non justo. Proin non massa non ante bibendum ullamcorper. Duis cursus, diam'),
  (51, 17, 7, 'tellus. Suspendisse sed dolor. Fusce mi lorem, vehicula et, rutrum eu, ultrices'),
  (52, 11, 4, 'a, arcu. Sed et libero. Proin mi. Aliquam gravida mauris ut mi. Duis risus odio, auctor vitae, aliquet nec, imperdiet nec, leo. Morbi neque'),
  (53, 91, 3, 'in aliquet lobortis, nisi nibh lacinia orci, consectetuer euismod est arcu ac orci. Ut semper pretium neque. Morbi quis urna. Nunc quis arcu'),
  (54, 55, 3, 'metus. In nec orci. Donec nibh. Quisque nonummy ipsum non arcu. Vivamus sit amet risus. Donec egestas. Aliquam nec enim. Nunc ut'),
  (55, 4, 8, 'quis, pede. Suspendisse dui. Fusce diam nunc, ullamcorper eu, euismod ac, fermentum vel, mauris. Integer sem elit, pharetra ut,'),
  (56, 77, 1, 'eget, dictum placerat, augue. Sed molestie. Sed id risus quis diam luctus lobortis. Class aptent taciti sociosqu ad litora torquent per conubia nostra, per inceptos hymenaeos. Mauris ut quam'),
  (57, 1, 9, 'mattis. Integer eu lacus. Quisque imperdiet, erat nonummy ultricies ornare, elit elit fermentum risus, at fringilla purus mauris a nunc. In at'),
  (58, 63, 7, 'arcu. Vestibulum ante ipsum primis in faucibus orci luctus et ultrices posuere cubilia Curae; Phasellus ornare. Fusce mollis. Duis sit'),
  (59, 78, 8, 'Maecenas iaculis aliquet diam. Sed diam lorem, auctor quis, tristique ac, eleifend vitae, erat. Vivamus nisi. Mauris nulla. Integer urna. Vivamus molestie dapibus ligula. Aliquam erat volutpat. Nulla dignissim.'),
  (60, 52, 9, 'lectus ante dictum mi, ac mattis velit justo nec ante. Maecenas mi felis, adipiscing'),
  (61, 17, 2, 'quam a felis ullamcorper viverra. Maecenas iaculis aliquet diam. Sed diam lorem, auctor quis, tristique ac, eleifend vitae, erat. Vivamus nisi. Mauris nulla. Integer urna. Vivamus molestie dapibus ligula. Aliquam'),
  (62, 96, 3, 'nec, eleifend non, dapibus rutrum, justo. Praesent luctus. Curabitur egestas nunc sed libero. Proin sed turpis nec mauris blandit mattis.'),
  (63, 25, 1, 'eget, volutpat ornare, facilisis eget, ipsum. Donec sollicitudin adipiscing ligula. Aenean gravida nunc sed pede. Cum sociis natoque penatibus et'),
  (64, 61, 7, 'aliquet nec, imperdiet nec, leo. Morbi neque tellus, imperdiet non, vestibulum nec, euismod in, dolor. Fusce feugiat. Lorem'),
  (65, 78, 9, 'ante ipsum primis in faucibus orci luctus et ultrices posuere cubilia Curae; Donec tincidunt. Donec vitae erat vel'),
  (66, 17, 8, 'a felis ullamcorper viverra. Maecenas iaculis aliquet diam. Sed diam lorem, auctor quis, tristique ac, eleifend vitae, erat. Vivamus nisi. Mauris nulla. Integer urna. Vivamus molestie dapibus ligula. Aliquam'),
  (67, 70, 8, 'odio. Nam interdum enim non nisi. Aenean eget metus. In nec orci. Donec nibh. Quisque nonummy ipsum non arcu. Vivamus sit amet risus. Donec'),
  (68, 47, 7, 'turpis. Nulla aliquet. Proin velit. Sed malesuada augue ut lacus. Nulla tincidunt, neque vitae semper egestas, urna'),
  (69, 15, 6, 'luctus ut, pellentesque eget, dictum placerat, augue. Sed molestie. Sed id'),
  (70, 96, 6, 'scelerisque, lorem ipsum sodales purus, in molestie tortor nibh sit amet orci. Ut sagittis lobortis mauris. Suspendisse aliquet molestie tellus.'),
  (71, 67, 6, 'volutpat ornare, facilisis eget, ipsum. Donec sollicitudin adipiscing ligula. Aenean gravida nunc sed pede. Cum sociis natoque penatibus et magnis dis parturient montes, nascetur ridiculus'),
  (72, 7, 8, 'in sodales elit erat vitae risus. Duis a mi fringilla mi lacinia'),
  (73, 79, 1, 'suscipit nonummy. Fusce fermentum fermentum arcu. Vestibulum ante ipsum primis in faucibus orci luctus et ultrices posuere cubilia Curae; Phasellus'),
  (74, 24, 5, 'fringilla cursus purus. Nullam scelerisque neque sed sem egestas blandit. Nam nulla magna, malesuada vel, convallis in, cursus et, eros. Proin ultrices. Duis volutpat nunc sit amet metus. Aliquam'),
  (75, 20, 9, 'faucibus lectus, a sollicitudin orci sem eget massa. Suspendisse eleifend. Cras sed leo. Cras vehicula aliquet libero. Integer in magna.'),
  (76, 86, 3, 'egestas. Aliquam fringilla cursus purus. Nullam scelerisque neque sed sem egestas blandit. Nam nulla magna, malesuada vel, convallis in, cursus et, eros. Proin'),
  (77, 40, 9, 'Nullam feugiat placerat velit. Quisque varius. Nam porttitor scelerisque neque. Nullam nisl. Maecenas malesuada fringilla est. Mauris eu turpis. Nulla aliquet. Proin velit. Sed malesuada augue ut'),
  (78, 32, 7, 'eu tempor erat neque non quam. Pellentesque habitant morbi tristique senectus et netus et malesuada fames ac turpis egestas. Aliquam fringilla cursus purus.'),
  (79, 98, 8, 'ac libero nec ligula consectetuer rhoncus. Nullam velit dui, semper et, lacinia vitae, sodales at, velit.'),
  (80, 85, 2, 'magna. Cras convallis convallis dolor. Quisque tincidunt pede ac urna. Ut tincidunt vehicula risus. Nulla eget metus eu erat semper'),
  (81, 55, 3, 'mauris, aliquam eu, accumsan sed, facilisis vitae, orci. Phasellus dapibus quam quis diam. Pellentesque habitant morbi tristique senectus'),
  (82, 45, 10, 'feugiat placerat velit. Quisque varius. Nam porttitor scelerisque neque. Nullam nisl. Maecenas malesuada fringilla est. Mauris eu turpis. Nulla aliquet. Proin velit. Sed malesuada'),
  (83, 23, 3, 'sem. Pellentesque ut ipsum ac mi eleifend egestas. Sed pharetra, felis eget varius ultrices, mauris ipsum porta'),
  (84, 72, 5, 'dapibus quam quis diam. Pellentesque habitant morbi tristique senectus et'),
  (85, 9, 8, 'malesuada vel, venenatis vel, faucibus id, libero. Donec consectetuer mauris id sapien. Cras dolor dolor, tempus non, lacinia at, iaculis quis, pede. Praesent eu dui. Cum sociis natoque'),
  (86, 7, 5, 'mauris elit, dictum eu, eleifend nec, malesuada ut, sem. Nulla interdum. Curabitur dictum. Phasellus in felis. Nulla tempor augue ac ipsum. Phasellus vitae mauris sit amet'),
  (87, 6, 8, 'eget, volutpat ornare, facilisis eget, ipsum. Donec sollicitudin adipiscing ligula. Aenean gravida nunc sed pede. Cum sociis natoque penatibus et magnis dis'),
  (88, 75, 3, 'nec tempus scelerisque, lorem ipsum sodales purus, in molestie tortor nibh sit amet orci.'),
  (89, 99, 2, 'enim. Sed nulla ante, iaculis nec, eleifend non, dapibus rutrum, justo. Praesent luctus. Curabitur egestas nunc sed libero. Proin sed turpis nec'),
  (90, 75, 7, 'vitae, sodales at, velit. Pellentesque ultricies dignissim lacus. Aliquam rutrum lorem ac risus. Morbi metus. Vivamus euismod urna. Nullam lobortis quam a felis ullamcorper viverra.'),
  (91, 99, 8, 'ante blandit viverra. Donec tempus, lorem fringilla ornare placerat, orci lacus vestibulum lorem, sit amet ultricies sem magna nec quam. Curabitur vel lectus. Cum sociis natoque penatibus et magnis'),
  (92, 38, 7, 'augue id ante dictum cursus. Nunc mauris elit, dictum eu, eleifend nec, malesuada'),
  (93, 49, 2, 'nisl. Quisque fringilla euismod enim. Etiam gravida molestie arcu. Sed eu nibh vulputate mauris sagittis placerat.'),
  (94, 19, 8, 'mi pede, nonummy ut, molestie in, tempus eu, ligula. Aenean euismod mauris eu elit. Nulla facilisi. Sed neque.'),
  (95, 67, 1, 'fringilla est. Mauris eu turpis. Nulla aliquet. Proin velit. Sed malesuada augue ut lacus. Nulla tincidunt, neque vitae semper egestas, urna justo faucibus lectus,'),
  (96, 70, 6, 'Donec tempus, lorem fringilla ornare placerat, orci lacus vestibulum lorem, sit amet ultricies sem magna nec quam. Curabitur'),
  (97, 58, 4, 'mus. Proin vel nisl. Quisque fringilla euismod enim. Etiam gravida molestie arcu. Sed eu nibh vulputate mauris sagittis placerat. Cras dictum ultricies ligula. Nullam enim. Sed nulla ante, iaculis nec,'),
  (98, 11, 10, 'ut aliquam iaculis, lacus pede sagittis augue, eu tempor erat neque non quam. Pellentesque habitant morbi tristique senectus et netus'),
  (99, 27, 3, 'elementum, dui quis accumsan convallis, ante lectus convallis est, vitae sodales nisi magna sed dui. Fusce aliquam, enim nec tempus scelerisque, lorem ipsum sodales purus, in molestie tortor nibh'),
  (100, 17, 5, 'tristique pellentesque, tellus sem mollis dui, in sodales elit erat vitae risus. Duis a mi fringilla mi lacinia mattis. Integer eu lacus. Quisque imperdiet, erat nonummy');


  /* Answer Data */

INSERT INTO answer (asw_id, asw_user_id, asw_question_id, asw_votes, asw_content, asw_accepted) VALUES

  (1, 89, 1, 28, 'Suspendisse aliquet, sem ut cursus luctus, ipsum leo elementum sem, vitae aliquam eros turpis non enim. Mauris quis turpis vitae purus gravida sagittis. Duis gravida. Praesent eu nulla at sem molestie sodales. Mauris blandit enim consequat purus. Maecenas libero est, congue a, aliquet vel,', 0),
  (2, 94, 1, 11, 'adipiscing non, luctus sit amet, faucibus ut, nulla. Cras eu tellus eu augue porttitor interdum. Sed auctor odio a purus. Duis elementum, dui quis', 0),
  (3, 52, 8, 36, 'Aliquam erat volutpat. Nulla facilisis. Suspendisse commodo tincidunt nibh. Phasellus nulla. Integer vulputate, risus a ultricies adipiscing, enim', 0),
  (4, 80, 6, 8, 'Cras lorem lorem, luctus ut, pellentesque eget, dictum placerat, augue. Sed molestie. Sed id risus quis diam luctus lobortis. Class aptent taciti sociosqu ad litora torquent per conubia nostra, per inceptos hymenaeos. Mauris ut quam vel sapien imperdiet ornare. In faucibus. Morbi vehicula. Pellentesque tincidunt tempus risus. Donec egestas. Duis ac arcu. Nunc mauris. Morbi non sapien molestie orci tincidunt adipiscing. Mauris molestie pharetra nibh. Aliquam ornare, libero at auctor ullamcorper, nisl arcu iaculis enim, sit amet ornare lectus justo eu arcu. Morbi sit amet massa. Quisque porttitor eros nec tellus. Nunc lectus', 1),
  (5, 88, 7, 13, 'montes, nascetur ridiculus mus. Aenean eget magna. Suspendisse tristique neque venenatis lacus. Etiam bibendum fermentum metus. Aenean sed pede nec ante blandit viverra. Donec tempus, lorem fringilla ornare placerat, orci lacus vestibulum lorem, sit amet ultricies sem magna nec quam. Curabitur vel lectus. Cum sociis natoque penatibus et magnis dis parturient montes, nascetur ridiculus mus. Donec dignissim magna a tortor. Nunc commodo auctor velit. Aliquam nisl. Nulla eu neque pellentesque massa lobortis ultrices. Vivamus rhoncus. Donec est. Nunc ullamcorper, velit in aliquet lobortis, nisi nibh lacinia orci, t arcu ac', 0),
  (6, 95, 8, 28, 'magnis dis parturient montes, nascetur ridiculus mus. Proin vel arcu eu odio tristique pharetra. Quisque ac libero nec ligula consectetuer rhoncus. Nullam velit dui, semper et, lacinia vitae, sodales at, velit. Pellentesque ultricies dignissim lacus. Aliquam rutrum lorem ac risus. Morbi metus. Vivamus euismod urna. Nullam lobortis quam a felis ullamcorper viverra. Maecenas iaculis aliquet diam. Sed diam lorem, auctor quis, tristique ac, eleifend vitae, erat. Vivamus nisi. Mauris nulla. Integer', 1),
  (7, 75, 1, 14, 'odio sagittis semper. Nam tempor diam dictum sapien. Aenean massa. Integer vitae nibh. Donec est mauris, rhoncus id, mollis nec, cursus a, enim. Suspendisse aliquet, sem ut cursus luctus, ipsum leo elementum sem, vitae aliquam eros turpis non enim. Mauris quis turpis vitae purus gravida sagittis. Duis gravida. Praesent eu nulla at sem molestie sodales. Mauris blandit enim consequat purus. Maecenas libero est, congue a, aliquet vel, vulputate eu, odio. Phasellus at augue id ante dictum cursus. Nunc mauris elit, dictum eu, eleifend nec, malesuada ut, sem. Nulla interdum. Curabitur dictum.', 0),
  (8, 1, 8, 25, 'Donec tincidunt. Donec vitae erat vel pede blandit congue. In scelerisque scelerisque dui. Suspendisse ac metus vitae velit egestas lacinia. Sed congue, elit sed consequat auctor, nunc nulla vulputate dui, nec tempus mauris erat eget ipsum. Suspendisse sagittis. Nullam vitae diam. Proin dolor. Nulla semper tellus id', 0),
  (9, 88, 5, 27, 'Curabitur consequat, lectus sit amet luctus vulputate, nisi sem semper erat, in consectetuer ipsum nunc id enim. Curabitur massa. Vestibulum accumsan neque et nunc. Quisque ornare tortor at risus. Nunc ac sem ut dolor dapibus gravida. Aliquam tincidunt, nunc ac mattis ornare, lectus ante dictum mi, ac mattis velit justo nec ante. Maecenas mi felis, adipiscing fringilla, porttitor vulputate, posuere vulputate, lacus. Cras interdum. Nunc sollicitudin commodo ipsum. Suspendisse non leo. Vivamus nibh dolor, nonummy ac, feugiat non, lobortis quis, pede. Suspendisse dui. Fusce diam', 0),
  (10, 93, 1, 1, 'velit eget laoreet posuere, enim nisl elementum purus, accumsan interdum libero', 0),
  (11, 15, 5, 30, 'Integer tincidunt aliquam arcu. Aliquam ultrices iaculis odio. Nam interdum enim non nisi. Aenean eget metus. In nec orci. Donec nibh. Quisque nonummy ipsum non arcu. Vivamus sit amet risus. Donec egestas. Aliquam', 0),
  (12, 9, 3, 27, 'Etiam imperdiet dictum magna. Ut tincidunt orci quis lectus. Nullam suscipit, est ac facilisis facilisis, magna tellus faucibus leo, in lobortis tellus justo sit amet nulla. Donec non justo. Proin non massa non ante bibendum ullamcorper. Duis cursus, diam at pretium aliquet, metus urna convallis erat, eget tincidunt dui augue eu tellus. Phasellus elit pede, malesuada vel, venenatis vel, faucibus id, libero. Donec consectetuer mauris id sapien. Cras dolor dolor, tempus non, lacinia at, iaculis quis, pede. Praesent eu dui.', 0),
  (13, 29, 5, 39, 'vestibulum. Mauris magna. Duis dignissim tempor arcu. Vestibulum ut eros non enim commodo hendrerit. Donec porttitor tellus non magna. Nam ligula elit, pretium et, rutrum non, hendrerit id, ante. Nunc mauris sapien, cursus in, hendrerit consectetuer, cursus et, magna. Praesent interdum ligula eu enim. Etiam imperdiet dictum magna. Ut tincidunt orci quis lectus. Nullam suscipit, est ac facilisis facilisis, magna tellus faucibus leo, in lobortis tellus justo sit amet nulla. Donec non justo. Proin non massa non ante bibendum ullamcorper. Duis cursus, diam at pretium aliquet, metus urna convallis erat, eget', 1),
  (14, 8, 9, 39, 'Phasellus vitae mauris sit amet lorem semper auctor. Mauris vel turpis. Aliquam adipiscing lobortis risus. In mi pede, nonummy ut, molestie in, tempus eu, ligula. Aenean euismod mauris eu', 0),
  (15, 65, 2, 30, 'sociis natoque penatibus et magnis dis parturient montes, nascetur ridiculus mus. Proin vel nisl. Quisque fringilla euismod enim. Etiam gravida molestie arcu. Sed eu nibh vulputate mauris sagittis placerat. Cras dictum ultricies ligula. Nullam enim. Sed nulla ante, iaculis nec, eleifend non, dapibus rutrum, justo. Praesent luctus. Curabitur egestas nunc sed libero. Proin sed turpis nec mauris blandit mattis. Cras eget nisi dictum augue malesuada malesuada.', 1),
  (16, 14, 5, 14, 'Quisque fringilla euismod enim. Etiam gravida molestie arcu. Sed eu nibh vulputate mauris sagittis placerat. Cras dictum ultricies ligula. Nullam enim. Sed nulla ante, iaculis nec, eleifend non, dapibus rutrum, justo. Praesent luctus. Curabitur egestas nunc sed libero. Proin sed turpis nec mauris blandit mattis. Cras eget nisi dictum augue malesuada malesuada. Integer id magna et ipsum cursus vestibulum. Mauris magna. Duis dignissim tempor arcu. Vestibulum ut eros non enim commodo hendrerit. Donec porttitor tellus non magna. Nam ligula elit, pretium et, rutrum non, hendrerit id, ante. Nunc mauris sapien, cursus in, hendrerit consectetuer, cursus', 1),
  (17, 51, 9, 24, 'sit amet ante. Vivamus non lorem vitae odio sagittis semper. Nam tempor diam dictum sapien. Aenean massa. Integer vitae nibh. Donec est mauris, rhoncus id, mollis nec, cursus a, enim. Suspendisse aliquet, sem ut cursus luctus, ipsum leo elementum sem, vitae', 1),
  (18, 32, 2, 4, 'luctus et ultrices posuere cubilia Curae; Donec tincidunt. Donec vitae erat vel pede blandit congue. In scelerisque scelerisque dui. Suspendisse ac metus vitae velit egestas lacinia. Sed congue, elit sed consequat auctor, nunc nulla vulputate dui, nec tempus mauris erat eget ipsum. Suspendisse sagittis. Nullam vitae diam. Proin dolor. Nulla semper tellus id nunc interdum feugiat. Sed nec metus facilisis lorem tristique aliquet. Phasellus fermentum convallis ligula. Donec luctus aliquet odio. Etiam ligula tortor, dictum eu, placerat eget, venenatis a, magna. Lorem ipsum dolor sit amet,', 0),
  (19, 21, 10, 15, 'blandit viverra. Donec tempus, lorem fringilla ornare placerat, orci lacus vestibulum lorem, sit amet ultricies sem magna nec quam. Curabitur vel lectus. Cum sociis natoque penatibus et magnis dis parturient montes, nascetur', 0),
  (20, 95, 10, 24, 'In faucibus. Morbi vehicula. Pellentesque tincidunt tempus risus. Donec egestas. Duis ac arcu. Nunc mauris. Morbi non sapien molestie orci tincidunt adipiscing. Mauris molestie pharetra nibh. Aliquam ornare, libero at auctor ullamcorper, nisl arcu iaculis enim, sit amet ornare lectus justo eu arcu. Morbi sit amet massa. Quisque porttitor eros nec tellus. Nunc lectus pede, ultrices a, auctor non, feugiat nec, diam. Duis mi enim, condimentum eget, volutpat ornare, facilisis eget, ipsum. Donec sollicitudin adipiscing ligula. Aenean gravida nunc sed pede. Cum', 0),
  (21, 73, 7, 19, 'ultricies sem magna nec quam. Curabitur vel lectus. Cum sociis natoque penatibus et magnis dis parturient montes, nascetur ridiculus mus. Donec dignissim magna a tortor. Nunc commodo auctor velit. Aliquam nisl. Nulla eu neque pellentesque massa lobortis ultrices. Vivamus rhoncus. Donec est. Nunc ullamcorper, velit in aliquet lobortis, nisi nibh lacinia orci, consectetuer euismod est arcu ac orci. Ut semper pretium neque. Morbi quis urna. Nunc quis arcu vel', 0),
  (22, 95, 6, 36, 'pretium aliquet, metus urna convallis erat, eget tincidunt dui augue eu tellus. Phasellus elit pede, malesuada vel, venenatis vel, faucibus id, libero. Donec consectetuer mauris id sapien. Cras dolor dolor, tempus non, lacinia at, iaculis quis, pede. Praesent eu dui. Cum sociis natoque penatibus et magnis dis parturient montes, nascetur ridiculus mus. Aenean eget magna. Suspendisse tristique neque', 0),
  (23, 44, 5, 19, 'Quisque varius. Nam porttitor scelerisque neque. Nullam nisl. Maecenas malesuada fringilla est. Mauris eu turpis. Nulla aliquet. Proin velit. Sed malesuada augue ut lacus. Nulla tincidunt, neque vitae semper egestas, urna justo faucibus lectus, a sollicitudin orci sem eget massa. Suspendisse eleifend. Cras sed leo. Cras vehicula aliquet libero. Integer in magna. Phasellus dolor elit, pellentesque a, facilisis non, bibendum sed, est. Nunc laoreet lectus quis massa. Mauris vestibulum, neque sed dictum eleifend, nunc risus varius orci, in', 0),
  (24, 73, 3, 4, 'lobortis augue scelerisque mollis. Phasellus libero mauris, aliquam eu, accumsan sed, facilisis vitae, orci. Phasellus dapibus quam', 0),
  (25, 54, 3, 23, 'dictum eu, eleifend nec, malesuada ut, sem. Nulla interdum. Curabitur dictum. Phasellus in felis.', 1),
  (26, 54, 7, 21, 'scelerisque scelerisque dui. Suspendisse ac metus vitae velit egestas lacinia. Sed congue, elit sed consequat auctor, nunc nulla vulputate dui, nec tempus mauris erat eget ipsum. Suspendisse sagittis. Nullam vitae diam. Proin dolor. Nulla semper tellus id nunc interdum feugiat. Sed nec metus facilisis lorem tristique aliquet. Phasellus fermentum convallis ligula. Donec luctus aliquet odio. Etiam ligula tortor, dictum eu', 0),
  (27, 74, 2, 38, 'consequat enim diam vel arcu. Curabitur ut odio vel est tempor bibendum. Donec felis orci, adipiscing non, luctus sit amet, faucibus ut, nulla. Cras eu tellus eu augue porttitor interdum. Sed auctor odio a purus. Duis elementum, dui quis accumsan convallis, ante lectus convallis est, vitae sodales nisi magna sed dui. Fusce aliquam, enim nec tempus scelerisque, lorem ipsum sodales purus, in molestie tortor nibh sit amet orci. Ut sagittis lobortis mauris. Suspendisse aliquet molestie tellus. Aenean egestas hendrerit neque. In ornare sagittis felis. Donec tempor, est ac mattis semper, dui', 1),
  (28, 74, 1, 5, 'auctor. Mauris vel turpis. Aliquam adipiscing lobortis risus. In mi pede, nonummy ut, molestie in, tempus eu, ligula. Aenean euismod mauris eu elit. Nulla facilisi. Sed neque. Sed eget lacus. Mauris non dui nec urna suscipit nonummy. Fusce fermentum fermentum arcu. Vestibulum ante ipsum primis in faucibus orci luctus et ultrices posuere cubilia Curae; Phasellus ornare. Fusce mollis. Duis sit amet diam eu dolor egestas rhoncus. Proin nisl sem, consequat nec, mollis vitae, posuere at, velit. Cras lorem lorem, luctus ut, pellentesque eget, dictum placerat,', 1),
  (29, 54, 7, 40, 'nec quam. Curabitur vel lectus. Cum sociis natoque penatibus et magnis dis parturient montes, nascetur ridiculus mus. Donec dignissim magna', 1),
  (30, 2, 6, 22, 'Quisque libero lacus, varius et, euismod et, commodo at, libero. Morbi accumsan laoreet ipsum. Curabitur consequat, lectus sit amet luctus vulputate, nisi', 1),
  (31, 57, 17, 21, 'nonummy ac,  feugiat non,  lobortis quis,  pede. Suspendisse dui. Fusce diam nunc,  ullamcorper eu,  euismod ac,  fermentum vel,  mauris. Integer sem elit,  pharetra ut,  pharetra sed,  hendrerit a, ', 1),
  (32, 74, 91, 5, 'sed dolor. Fusce mi lorem,  vehicula et,  rutrum eu,  ultrices sit amet,  risus. Donec nibh enim,  gravida sit amet,  dapibus id,  blandit at,  nisi. Cum sociis natoque penatibus et', 0),
  (33, 16, 66, 7, 'sapien. Nunc pulvinar arcu et pede. Nunc sed orci lobortis augue scelerisque mollis. Phasellus libero', 1),
  (34, 24, 92, 14, 'semper cursus. Integer mollis. Integer tincidunt aliquam arcu. Aliquam ultrices iaculis odio. Nam interdum enim non nisi.', 0),
  (35, 18, 90, 25, 'est. Nunc ullamcorper,  velit in aliquet lobortis,  nisi nibh lacinia orci,  consectetuer euismod est arcu ac orci. Ut semper pretium neque. Morbi quis urna.', 1),
  (36, 50, 63, 36, 'tellus eu augue porttitor interdum. Sed auctor odio a purus. Duis elementum,  dui quis accumsan convallis,  ante lectus convallis est,  vitae sodales', 1),
  (37, 15, 21, 22, 'ipsum. Donec sollicitudin adipiscing ligula. Aenean gravida nunc sed pede. Cum sociis natoque penatibus', 1),
  (38, 1, 10, 32, 'tincidunt nibh. Phasellus nulla. Integer vulputate,  risus a ultricies adipiscing,  enim mi', 0),
  (39, 22, 45, 21, 'pede,  nonummy ut,  molestie in,  tempus eu,  ligula. Aenean euismod mauris eu elit. Nulla facilisi. Sed neque. Sed eget lacus. Mauris non dui nec urna suscipit', 1),
  (40, 1, 52, 25, 'magna. Cras convallis convallis dolor. Quisque tincidunt pede ac urna. Ut tincidunt vehicula risus. Nulla eget metus eu erat semper rutrum. Fusce dolor quam, ', 0),
  (41, 99, 82, 37, 'ac facilisis facilisis,  magna tellus faucibus leo,  in lobortis tellus justo sit amet nulla. Donec non justo. Proin non massa non ante bibendum ullamcorper. Duis cursus, ', 1),
  (42, 80, 65, 9, 'ipsum. Suspendisse non leo. Vivamus nibh dolor,  nonummy ac,  feugiat non,  lobortis quis,  pede. Suspendisse dui. Fusce diam nunc,  ullamcorper', 0),
  (43, 68, 90, 37, 'Nunc sed orci lobortis augue scelerisque mollis. Phasellus libero mauris,  aliquam eu,  accumsan sed,  facilisis vitae,  orci. Phasellus dapibus quam quis diam. Pellentesque habitant morbi', 0),
  (44, 24, 33, 20, 'sit amet ornare lectus justo eu arcu. Morbi sit amet massa. Quisque porttitor eros nec tellus. Nunc lectus pede,  ultrices a,  auctor non, ', 0),
  (45, 15, 79, 24, 'laoreet ipsum. Curabitur consequat,  lectus sit amet luctus vulputate,  nisi sem semper erat,  in consectetuer ipsum nunc id enim. Curabitur massa. Vestibulum accumsan neque et nunc. Quisque', 0),
  (46, 38, 21, 36, 'augue id ante dictum cursus. Nunc mauris elit,  dictum eu, ', 0),
  (47, 86, 81, 23, 'et,  magna. Praesent interdum ligula eu enim. Etiam imperdiet dictum magna. Ut', 1),
  (48, 77, 14, 23, 'lacus. Ut nec urna et arcu imperdiet ullamcorper. Duis at lacus. Quisque purus sapien,  gravida', 0),
  (49, 23, 73, 20, 'et magnis dis parturient montes,  nascetur ridiculus mus. Proin vel arcu eu odio tristique pharetra.', 1),
  (50, 44, 41, 17, 'natoque penatibus et magnis dis parturient montes,  nascetur ridiculus mus. Proin', 0),
  (51, 1, 30, 12, 'eu tellus eu augue porttitor interdum. Sed auctor odio a purus. Duis elementum,  dui quis accumsan convallis,  ante lectus convallis est,  vitae sodales nisi magna sed dui. Fusce', 0),
  (52, 4, 92, 46, 'vel arcu. Curabitur ut odio vel est tempor bibendum. Donec felis orci,  adipiscing non,  luctus sit amet,  faucibus ut,  nulla. Cras eu tellus eu augue porttitor interdum.', 1),
  (53, 25, 61, 24, 'ultrices a,  auctor non,  feugiat nec,  diam. Duis mi enim,  condimentum eget,  volutpat ornare,  facilisis eget,  ipsum. Donec sollicitudin adipiscing ligula.', 0),
  (54, 47, 72, 20, 'sit amet diam eu dolor egestas rhoncus. Proin nisl sem,  consequat nec,  mollis', 1),
  (55, 61, 80, 41, 'mollis vitae,  posuere at,  velit. Cras lorem lorem,  luctus ut,  pellentesque eget,  dictum placerat,  augue. Sed molestie.', 1),
  (56, 82, 2, 33, 'penatibus et magnis dis parturient montes,  nascetur ridiculus mus. Proin vel nisl. Quisque fringilla euismod enim. Etiam', 0),
  (57, 92, 7, 29, 'urna et arcu imperdiet ullamcorper. Duis at lacus. Quisque purus sapien,  gravida non,  sollicitudin a,  malesuada id,  erat. Etiam vestibulum massa rutrum magna. Cras', 1),
  (58, 69, 22, 44, 'consectetuer,  cursus et,  magna. Praesent interdum ligula eu enim. Etiam imperdiet dictum magna. Ut tincidunt orci quis lectus. Nullam suscipit,  est ac', 1),
  (59, 78, 9, 27, 'convallis,  ante lectus convallis est,  vitae sodales nisi magna sed', 0),
  (60, 8, 89, 40, 'molestie pharetra nibh. Aliquam ornare,  libero at auctor ullamcorper,  nisl arcu iaculis enim,  sit amet ornare lectus justo eu arcu. Morbi sit', 0),
  (61, 67, 51, 43, 'Duis risus odio,  auctor vitae,  aliquet nec,  imperdiet nec,  leo. Morbi neque tellus,  imperdiet non,  vestibulum nec,  euismod in,  dolor. Fusce feugiat. Lorem ipsum dolor sit', 1),
  (62, 79, 93, 26, 'sem ut dolor dapibus gravida. Aliquam tincidunt,  nunc ac mattis ornare,  lectus ante dictum mi, ', 0),
  (63, 2, 90, 10, 'ipsum cursus vestibulum. Mauris magna. Duis dignissim tempor arcu. Vestibulum ut eros non enim commodo hendrerit. Donec porttitor tellus non', 1),
  (64, 96, 95, 48, 'sit amet,  consectetuer adipiscing elit. Curabitur sed tortor. Integer aliquam', 0),
  (65, 85, 13, 48, 'at pede. Cras vulputate velit eu sem. Pellentesque ut ipsum ac mi', 0),
  (66, 75, 63, 8, 'velit justo nec ante. Maecenas mi felis,  adipiscing fringilla,  porttitor vulputate,  posuere vulputate,  lacus. Cras interdum. Nunc sollicitudin commodo ipsum. Suspendisse', 0),
  (67, 22, 90, 37, 'magna et ipsum cursus vestibulum. Mauris magna. Duis dignissim tempor arcu. Vestibulum ut eros non enim commodo hendrerit. Donec porttitor tellus non magna. Nam ligula', 0),
  (68, 44, 59, 37, 'vel est tempor bibendum. Donec felis orci,  adipiscing non,  luctus sit amet,  faucibus ut,  nulla. Cras eu tellus', 1),
  (69, 68, 61, 10, 'lobortis risus. In mi pede,  nonummy ut,  molestie in,  tempus eu,  ligula. Aenean euismod mauris eu elit. Nulla facilisi. Sed neque. Sed eget lacus.', 1),
  (70, 69, 79, 34, 'Curae,  Phasellus ornare. Fusce mollis. Duis sit amet diam eu dolor egestas rhoncus. Proin nisl sem,  consequat nec,  mollis vitae, ', 0),
  (71, 14, 5, 26, 'pretium aliquet,  metus urna convallis erat,  eget tincidunt dui augue eu tellus. Phasellus elit pede,  malesuada vel,  venenatis vel,  faucibus id,  libero. Donec', 0),
  (72, 62, 6, 32, 'Sed nec metus facilisis lorem tristique aliquet. Phasellus fermentum convallis ligula. Donec luctus aliquet odio. Etiam ligula tortor,  dictum eu,  placerat eget,  venenatis a, ', 0),
  (73, 67, 73, 35, 'mi tempor lorem,  eget mollis lectus pede et risus. Quisque libero', 1),
  (74, 11, 61, 24, 'eu enim. Etiam imperdiet dictum magna. Ut tincidunt orci quis lectus. Nullam suscipit,  est ac facilisis', 1),
  (75, 94, 40, 43, 'sed dolor. Fusce mi lorem,  vehicula et,  rutrum eu,  ultrices sit amet,  risus. Donec nibh enim,  gravida sit', 1),
  (76, 88, 50, 19, 'dui. Cum sociis natoque penatibus et magnis dis parturient montes,  nascetur ridiculus mus. Aenean eget magna. Suspendisse tristique neque venenatis lacus. Etiam', 0),
  (77, 20, 60, 33, 'Phasellus elit pede,  malesuada vel,  venenatis vel,  faucibus id,  libero. Donec consectetuer mauris id sapien. Cras dolor dolor,  tempus non,  lacinia at,  iaculis quis,  pede. Praesent eu', 0),
  (78, 89, 62, 31, 'commodo ipsum. Suspendisse non leo. Vivamus nibh dolor,  nonummy ac,  feugiat non,  lobortis quis,  pede. Suspendisse dui. Fusce diam nunc, ', 1),
  (79, 88, 91, 24, 'euismod in,  dolor. Fusce feugiat. Lorem ipsum dolor sit amet,  consectetuer adipiscing elit. Aliquam auctor,  velit', 1),
  (80, 89, 84, 16, 'nunc sed libero. Proin sed turpis nec mauris blandit mattis. Cras eget nisi dictum augue malesuada malesuada. Integer id magna et', 1),
  (81, 39, 34, 45, 'consectetuer adipiscing elit. Aliquam auctor,  velit eget laoreet posuere,  enim nisl elementum purus, ', 0),
  (82, 30, 56, 8, 'In at pede. Cras vulputate velit eu sem. Pellentesque ut ipsum ac', 0),
  (83, 83, 17, 4, 'enim. Sed nulla ante,  iaculis nec,  eleifend non,  dapibus rutrum,  justo. Praesent luctus. Curabitur egestas nunc sed libero. Proin sed turpis nec mauris blandit mattis. Cras', 0),
  (84, 34, 17, 37, 'lobortis risus. In mi pede,  nonummy ut,  molestie in,  tempus eu,  ligula.', 0),
  (85, 19, 36, 16, 'Sed eu eros. Nam consequat dolor vitae dolor. Donec fringilla. Donec', 0),
  (86, 71, 60, 25, 'imperdiet nec,  leo. Morbi neque tellus,  imperdiet non,  vestibulum nec,  euismod in,  dolor. Fusce feugiat. Lorem ipsum dolor sit amet,  consectetuer adipiscing elit. Aliquam auctor,  velit eget laoreet', 1),
  (87, 89, 52, 1, 'Cras vehicula aliquet libero. Integer in magna. Phasellus dolor elit,  pellentesque a,  facilisis', 1),
  (88, 100, 28, 32, 'ultrices posuere cubilia Curae,  Phasellus ornare. Fusce mollis. Duis sit amet diam', 0),
  (89, 96, 92, 2, 'risus. In mi pede,  nonummy ut,  molestie in,  tempus eu,  ligula. Aenean euismod mauris eu elit. Nulla facilisi. Sed neque. Sed eget lacus.', 1),
  (90, 39, 13, 16, 'lobortis mauris. Suspendisse aliquet molestie tellus. Aenean egestas hendrerit neque. In ornare', 0),
  (91, 36, 77, 48, 'et tristique pellentesque,  tellus sem mollis dui,  in sodales elit erat vitae risus.', 1),
  (92, 86, 5, 27, 'velit. Pellentesque ultricies dignissim lacus. Aliquam rutrum lorem ac risus. Morbi metus. Vivamus euismod', 1),
  (93, 59, 44, 29, 'nec tellus. Nunc lectus pede,  ultrices a,  auctor non,  feugiat nec,  diam.', 0),
  (94, 86, 86, 25, 'Sed congue,  elit sed consequat auctor,  nunc nulla vulputate dui,  nec tempus mauris erat eget ipsum. Suspendisse sagittis. Nullam', 0),
  (95, 41, 60, 34, 'dignissim. Maecenas ornare egestas ligula. Nullam feugiat placerat velit. Quisque varius. Nam porttitor scelerisque neque. Nullam nisl. Maecenas malesuada fringilla est. Mauris eu turpis.', 0),
  (96, 37, 90, 23, 'sociis natoque penatibus et magnis dis parturient montes,  nascetur ridiculus mus. Proin vel nisl. Quisque fringilla euismod enim. Etiam gravida molestie arcu. Sed eu nibh vulputate', 0),
  (97, 53, 86, 11, 'velit. Cras lorem lorem,  luctus ut,  pellentesque eget,  dictum placerat, ', 0),
  (98, 97, 86, 43, 'quam a felis ullamcorper viverra. Maecenas iaculis aliquet diam. Sed diam lorem,  auctor quis,  tristique ac,  eleifend vitae,  erat. Vivamus nisi. Mauris nulla. Integer', 1),
  (99, 11, 79, 36, 'nonummy ultricies ornare,  elit elit fermentum risus,  at fringilla purus mauris a nunc. In at pede.', 1),
  (100, 61, 77, 27, 'mus. Proin vel arcu eu odio tristique pharetra. Quisque ac libero nec ligula consectetuer rhoncus. Nullam velit dui,  semper et,  lacinia', 1);

  /* Tag data */

INSERT INTO tag (tag_id, tag_name, tag_desc) VALUES

  (1, 'at sem', 'Cras eu tellus eu augue'),
  (2, 'amet, risus.', 'adipiscing non, luctus sit amet, faucibus ut, nulla. Cras eu'),
  (3, 'nulla.', 'Duis sit amet diam eu dolor egestas rhoncus. Proin nisl'),
  (4, 'faucibus lectus,', 'magna'),
  (5, 'cursus', 'leo. Vivamus nibh dolor, nonummy ac,'),
  (6, 'tellus non', 'et magnis dis parturient montes, nascetur'),
  (7, 'et', 'penatibus et magnis dis parturient montes, nascetur'),
  (8, 'dolor', 'nulla magna, malesuada vel,'),
  (9, 'vulputate', 'dictum'),
  (10, 'lectus ante', 'diam nunc, ullamcorper eu, euismod'),
  (11, 'nostra,', 'Nunc commodo auctor velit. Aliquam nisl. Nulla eu neque pellentesque'),
  (12, 'Nunc quis', 'Donec fringilla. Donec feugiat metus sit amet'),
  (13, 'dui,', 'ac mattis velit justo'),
  (14, 'velit. Pellentesque', 'urna et arcu imperdiet ullamcorper. Duis at lacus. Quisque'),
  (15, 'ante.', 'non lorem vitae odio sagittis semper. Nam tempor diam dictum'),
  (16, 'orci luctus', 'Nunc mauris elit, dictum eu,'),
  (17, 'Sed auctor', 'libero. Morbi accumsan laoreet ipsum. Curabitur consequat, lectus sit'),
  (18, 'Lorem ipsum', 'nulla. Donec non justo. Proin'),
  (19, 'nonummy ipsum', 'dolor. Donec fringilla. Donec'),
  (20, 'et', 'lorem, sit amet ultricies sem magna nec'),
  (21, 'auctor, nunc', 'faucibus leo, in lobortis tellus'),
  (22, 'suscipit, est', 'eu nulla at'),
  (23, 'aliquet', 'volutpat. Nulla'),
  (24, 'Nunc mauris', 'sed, facilisis vitae, orci. Phasellus dapibus'),
  (25, 'neque', 'Lorem ipsum dolor sit amet, consectetuer adipiscing elit. Etiam laoreet,'),
  (26, 'ornare lectus', 'eget, volutpat ornare, facilisis eget,'),
  (27, 'dignissim.', 'porta elit, a feugiat tellus lorem eu metus.'),
  (28, 'Mauris', 'tellus. Nunc lectus pede, ultrices a, auctor non, feugiat'),
  (29, 'et,', 'Quisque'),
  (30, 'dolor', 'egestas. Sed pharetra, felis eget varius ultrices,'),
  (31, 'dapibus', 'eu'),
  (32, 'imperdiet', 'lacus. Nulla tincidunt, neque'),
  (33, 'amet', 'magna et ipsum cursus vestibulum. Mauris magna.'),
  (34, 'felis', 'et risus. Quisque libero lacus, varius et, euismod'),
  (35, 'lacus. Ut', 'sapien, cursus in, hendrerit consectetuer, cursus et,'),
  (36, 'Integer id', 'diam luctus lobortis. Class aptent'),
  (37, 'vulputate,', 'erat.'),
  (38, 'lacus. Quisque', 'Duis elementum, dui quis'),
  (39, 'rutrum magna.', 'ipsum'),
  (40, 'nibh.', 'Nunc sollicitudin commodo ipsum. Suspendisse non leo. Vivamus nibh'),
  (41, 'risus.', 'Etiam vestibulum massa'),
  (42, 'ut', 'lacinia'),
  (43, 'quis,', 'tristique neque venenatis lacus. Etiam bibendum fermentum'),
  (44, 'massa non', 'nibh. Aliquam'),
  (45, 'lacus pede', 'dis parturient montes, nascetur ridiculus'),
  (46, 'amet,', 'diam lorem, auctor quis, tristique ac, eleifend vitae,'),
  (47, 'ultricies', 'sem ut dolor dapibus gravida. Aliquam tincidunt,'),
  (48, 'mauris', 'risus, at fringilla purus mauris a nunc. In at'),
  (49, 'Curabitur egestas', 'Donec tempus, lorem fringilla ornare placerat,'),
  (50, 'Donec', 'vehicula aliquet libero. Integer in magna. Phasellus'),
  (51, 'id, ante.', 'dui quis'),
  (52, 'Cum sociis', 'montes, nascetur'),
  (53, 'metus facilisis', 'odio. Aliquam vulputate ullamcorper magna. Sed eu eros.'),
  (54, 'ipsum.', 'interdum ligula'),
  (55, 'vulputate', 'sem. Pellentesque ut ipsum ac mi eleifend egestas. Sed pharetra,'),
  (56, 'molestie pharetra', 'a, malesuada id, erat. Etiam vestibulum massa rutrum magna.'),
  (57, 'felis.', 'lacus. Nulla tincidunt, neque vitae semper egestas, urna justo'),
  (58, 'Quisque', 'massa non ante bibendum ullamcorper. Duis cursus, diam at pretium'),
  (59, 'malesuada vel,', 'risus odio, auctor vitae, aliquet nec,'),
  (60, 'enim, condimentum', 'et magnis dis parturient montes,'),
  (61, 'elementum, lorem', 'Quisque ornare tortor at risus. Nunc ac'),
  (62, 'tristique', 'Vivamus rhoncus. Donec est. Nunc ullamcorper, velit in aliquet lobortis,'),
  (63, 'Cras', 'Cras'),
  (64, 'enim.', 'felis. Donec tempor, est ac mattis semper, dui lectus'),
  (65, 'malesuada', 'lacus. Aliquam rutrum lorem ac risus. Morbi metus. Vivamus euismod'),
  (66, 'eu tellus', 'eu metus. In'),
  (67, 'pede', 'dolor quam, elementum at, egestas a, scelerisque sed,'),
  (68, 'dolor dapibus', 'enim. Nunc ut erat. Sed nunc est, mollis'),
  (69, 'purus. Nullam', 'mauris blandit mattis. Cras eget nisi dictum augue'),
  (70, 'Suspendisse', 'tristique'),
  (71, 'gravida sit', 'metus. Vivamus euismod urna. Nullam lobortis'),
  (72, 'diam luctus', 'molestie pharetra'),
  (73, 'dolor', 'scelerisque sed, sapien. Nunc pulvinar arcu et pede.'),
  (74, 'penatibus', 'a, scelerisque'),
  (75, 'Nunc laoreet', 'vitae purus gravida'),
  (76, 'sociosqu', 'arcu. Vivamus sit amet risus. Donec'),
  (77, 'leo', 'vestibulum lorem, sit amet ultricies sem magna'),
  (78, 'sit amet', 'luctus'),
  (79, 'ac tellus.', 'Curabitur egestas nunc sed'),
  (80, 'nisi.', 'penatibus et magnis dis parturient'),
  (81, 'eu, ultrices', 'sit amet orci. Ut sagittis lobortis mauris. Suspendisse aliquet'),
  (82, 'facilisis', 'rutrum lorem ac risus. Morbi metus. Vivamus'),
  (83, 'a', 'dolor dolor, tempus non, lacinia at, iaculis quis, pede.'),
  (84, 'risus', 'odio. Aliquam vulputate ullamcorper magna.'),
  (85, 'arcu.', 'non leo. Vivamus nibh dolor, nonummy ac, feugiat'),
  (86, 'mauris.', 'Maecenas iaculis aliquet diam. Sed diam lorem, auctor quis, tristique'),
  (87, 'elit', 'nisi. Mauris nulla. Integer'),
  (88, 'pretium', 'adipiscing fringilla, porttitor vulputate, posuere vulputate, lacus. Cras'),
  (89, 'Quisque porttitor', 'auctor, nunc nulla vulputate'),
  (90, 'Donec vitae', 'auctor velit. Aliquam nisl. Nulla eu neque pellentesque'),
  (91, 'nunc sed', 'sollicitudin commodo ipsum. Suspendisse non leo.'),
  (92, 'lacus', 'Sed eu nibh vulputate mauris sagittis placerat. Cras'),
  (93, 'enim non', 'a feugiat tellus lorem eu metus. In lorem. Donec elementum,'),
  (94, 'Pellentesque', 'arcu. Vestibulum ante ipsum primis in faucibus orci luctus et'),
  (95, 'Donec', 'eu tempor erat'),
  (96, 'ullamcorper,', 'urna et arcu imperdiet ullamcorper. Duis at lacus. Quisque'),
  (97, 'quam', 'Curabitur vel lectus.'),
  (98, 'molestie tortor', 'accumsan sed, facilisis vitae,'),
  (99, 'ut quam', 'mauris ipsum porta elit, a feugiat'),
  (100, 'nec ligula', 'urna. Nunc quis arcu vel quam dignissim pharetra. Nam');


  /* Question & Tag data */

INSERT INTO question_tag (qt_question_id, qt_tag_id) VALUES
  (9, 86), (6, 75), (8, 78), (3, 35), (9, 70), (1, 49),
  (5, 51), (1, 97), (2, 44), (3, 18), (6, 83), (6, 80),
  (10, 85), (5, 4), (2, 23), (7, 3), (3, 41), (8, 40),
  (1, 38), (7, 64), (4, 91), (10, 44), (1, 74), (10, 99),
  (2, 13), (6, 86), (8, 74), (8, 62), (6, 24), (6, 41),
  (9, 56), (2, 13), (5, 18), (8, 44), (8, 28), (2, 2),
  (2, 42), (3, 38), (5, 62), (4, 19), (9, 97), (9, 51),
  (6, 25), (3, 93), (2, 13), (8, 85), (3, 8), (10, 23),
  (9, 13), (1, 41), (7, 51), (2, 77), (6, 97), (4, 8),
  (8, 50), (5, 67), (4, 90), (4, 31), (8, 31), (10, 53),
  (6, 61), (5, 4), (8, 73), (10, 96), (3, 5), (10, 93),
  (7, 28), (9, 5), (6, 60), (2, 37), (10, 87), (5, 62),
  (3, 24), (7, 93);